onset_s,event_time_s,duration_s,end_s,type,channel,confidence,notes,finger_id,action_id,trial_id,block_id,session_mode,source,lsl_ts_mono,local_ts,event_id,event_index,label
423.03978148428723,423.03978148428723,9.383791791740805,432.42357327602804,rest,n/a,,,0,0,0,0,,keyboard,3025511.62400975,1771283291.206149,0,0,rest
441.1995205259882,441.1995205259882,8.299907458014786,449.499427984003,rest,n/a,,,0,0,0,0,,keyboard,3025528.699864458,1771283308.2813702,1,1,rest
481.49374031694606,481.49374031694606,7.908886875025928,489.402627191972,rest,n/a,,,0,0,0,0,,keyboard,3025568.603063666,1771283348.183093,2,2,rest
552.9819791922346,552.9819791922346,0.6618750840425491,553.6438542762771,thumb_open,n/a,,,1,1,0,0,,keyboard,3025632.84429075,1771283412.421949,3,3,thumb_open
555.471991692204,555.471991692204,0.5752783748321235,556.0472700670362,thumb_open,n/a,,,1,1,0,0,,keyboard,3025635.247706541,1771283414.8252711,4,4,thumb_open
557.9840704011731,557.9840704011731,0.6276584998704493,558.6117289010435,thumb_open,n/a,,,1,1,0,0,,keyboard,3025637.812165375,1771283417.389639,5,5,thumb_open
560.2043995670974,560.2043995670974,0.724182709120214,560.9285822762176,thumb_open,n/a,,,1,1,0,0,,keyboard,3025640.12901875,1771283419.706402,6,6,thumb_open
563.0522887762636,563.0522887762636,0.7082212907262146,563.7605100669898,thumb_open,n/a,,,1,1,0,0,,keyboard,3025642.960946541,1771283422.538228,7,7,thumb_open
565.4461752343923,565.4461752343923,0.6921115419827402,566.138286776375,thumb_open,n/a,,,1,1,0,0,,keyboard,3025645.33872325,1771283424.915914,8,8,thumb_open
567.9577322341502,567.9577322341502,0.7071305001154542,568.6648627342656,thumb_open,n/a,,,1,1,0,0,,keyboard,3025647.865299208,1771283427.442396,9,9,thumb_open
570.4399694842286,570.4399694842286,0.7159045417793095,571.155874026008,thumb_open,n/a,,,1,1,0,0,,keyboard,3025650.3563105,1771283429.933316,10,10,thumb_open
572.9944428172894,572.9944428172894,0.7510142088867724,573.7454570261762,thumb_open,n/a,,,1,1,0,0,,keyboard,3025652.9458935,1771283432.522806,11,11,thumb_open
575.4271924421191,575.4271924421191,0.7358243749476969,576.1630168170668,thumb_open,n/a,,,1,1,0,0,,keyboard,3025655.363453291,1771283434.940274,12,12,thumb_open
578.0921716094017,578.0921716094017,0.8247242076322436,578.916895817034,thumb_open,n/a,,,1,1,0,0,,keyboard,3025658.117332291,1771283437.6940491,13,13,thumb_open
580.4280767343007,580.4280767343007,0.8330549169331789,581.2611316512339,thumb_open,n/a,,,1,1,0,0,,keyboard,3025660.461568125,1771283440.038201,14,14,thumb_open
583.2485971921124,583.2485971921124,0.7594534591771662,584.0080506512895,thumb_open,n/a,,,1,1,0,0,,keyboard,3025663.208487125,1771283442.785017,15,15,thumb_open
585.7648093169555,585.7648093169555,0.707854500040412,586.4726638169959,thumb_open,n/a,,,1,1,0,0,,keyboard,3025665.673100291,1771283445.2495391,16,16,thumb_open
588.14455344202,588.14455344202,0.8880409593693912,589.0325944013894,thumb_open,n/a,,,1,1,0,0,,keyboard,3025668.233030875,1771283447.809377,17,17,thumb_open
590.7372961509973,590.7372961509973,0.7800216251052916,591.5173177761026,thumb_open,n/a,,,1,1,0,0,,keyboard,3025670.71775425,1771283450.294007,18,18,thumb_open
593.1737450263463,593.1737450263463,0.8727135406807065,594.046458567027,thumb_open,n/a,,,1,1,0,0,,keyboard,3025673.246895041,1771283452.823055,19,19,thumb_open
595.537043526303,595.537043526303,0.8960802908986807,596.4331238172017,thumb_open,n/a,,,1,1,0,0,,keyboard,3025675.633560291,1771283455.2096288,20,20,thumb_open
598.2556600673124,598.2556600673124,0.7034446666948497,598.9591047340073,thumb_open,n/a,,,1,1,0,0,,keyboard,3025678.159541208,1771283457.735518,21,21,thumb_open
600.6418746924028,600.6418746924028,0.9682774995453656,601.6101521919481,thumb_open,n/a,,,1,1,0,0,,keyboard,3025680.810588666,1771283460.386467,22,22,thumb_open
603.3823366919532,603.3823366919532,0.7722299173474312,604.1545666093007,thumb_open,n/a,,,1,1,0,0,,keyboard,3025683.355003083,1771283462.930787,23,23,thumb_open
605.9186854842119,605.9186854842119,0.8523185001686215,606.7710039843805,thumb_open,n/a,,,1,1,0,0,,keyboard,3025685.971440458,1771283465.547133,24,24,thumb_open
608.3287331094034,608.3287331094034,0.9557687495835125,609.2845018589869,thumb_open,n/a,,,1,1,0,0,,keyboard,3025688.484938333,1771283468.060534,25,25,thumb_open
610.7932490264066,610.7932490264066,0.9965154998935759,611.7897645263001,thumb_open,n/a,,,1,1,0,0,,keyboard,3025690.990201,1771283470.565705,26,26,thumb_open
613.4951846511103,613.4951846511103,0.7354842079803348,614.2306688590907,thumb_open,n/a,,,1,1,0,0,,keyboard,3025693.431105333,1771283473.0065181,27,27,thumb_open
615.9133685263805,615.9133685263805,1.0440907077863812,616.9574592341669,thumb_open,n/a,,,1,1,0,0,,keyboard,3025696.157895708,1771283475.733206,28,28,thumb_open
618.6261293590069,618.6261293590069,0.7724337922409177,619.3985631512478,thumb_open,n/a,,,1,1,0,0,,keyboard,3025698.598999625,1771283478.1742232,29,29,thumb_open
621.0351380673237,621.0351380673237,0.7602168750017881,621.7953549423255,thumb_open,n/a,,,1,1,0,0,,keyboard,3025700.995791416,1771283480.5709262,30,30,thumb_open
623.4416274013929,623.4416274013929,0.8364446246996522,624.2780720260926,thumb_open,n/a,,,1,1,0,0,,keyboard,3025703.4785085,1771283483.0535512,31,31,thumb_open
625.8848950671963,625.8848950671963,0.9522028341889381,626.8370979013853,thumb_open,n/a,,,1,1,0,0,,keyboard,3025706.037534375,1771283485.612488,32,32,thumb_open
628.547695172485,628.547695172485,0.9061073535121977,629.4538025259972,thumb_open,n/a,,,1,1,0,0,,keyboard,3025708.654239,1771283488.229088,33,33,thumb_open
631.1204409012571,631.1204409012571,0.7708806251175702,631.8913215263747,thumb_open,n/a,,,1,1,0,0,,keyboard,3025711.091758,1771283490.666516,34,34,thumb_open
633.4691712195054,633.4691712195054,0.8063464318402112,634.2755176513456,thumb_open,n/a,,,1,1,0,0,,keyboard,3025713.475954125,1771283493.0506282,35,35,thumb_open
636.0376267763786,636.0376267763786,0.9320426657795906,636.9696694421582,thumb_open,n/a,,,1,1,0,0,,keyboard,3025716.170105916,1771283495.744677,36,36,thumb_open
638.6509068170562,638.6509068170562,0.8239327501505613,639.4748395672068,thumb_open,n/a,,,1,1,0,0,,keyboard,3025718.675276041,1771283498.2497542,37,37,thumb_open
641.2984648337588,641.2984648337588,0.7253345674835145,642.0237994012423,thumb_open,n/a,,,1,1,0,0,,keyboard,3025721.224235875,1771283500.798622,38,38,thumb_open
643.9128414839506,643.9128414839506,0.5752079170197248,644.4880494009703,thumb_open,n/a,,,1,1,0,0,,keyboard,3025723.688485875,1771283503.26278,39,39,thumb_open
646.3596705673262,646.3596705673262,0.6629417496733367,647.0226123169996,thumb_open,n/a,,,1,1,0,0,,keyboard,3025726.223048791,1771283505.797251,40,40,thumb_open
648.7307453593239,648.7307453593239,0.8639757917262614,649.5947211510502,thumb_open,n/a,,,1,1,0,0,,keyboard,3025728.795157625,1771283508.369261,41,41,thumb_open
651.0920572760515,651.0920572760515,0.8802354582585394,651.97229273431,thumb_open,n/a,,,1,1,0,0,,keyboard,3025731.172729208,1771283510.746746,42,42,thumb_open
653.5747214010917,653.5747214010917,1.1472477912902832,654.721969192382,thumb_open,n/a,,,1,1,0,0,,keyboard,3025733.922405666,1771283513.49632,43,43,thumb_open
656.5477770259604,656.5477770259604,0.802389208227396,657.3501662341878,thumb_open,n/a,,,1,1,0,0,,keyboard,3025736.550602708,1771283516.124424,44,44,thumb_open
659.0618908489123,659.0618908489123,0.95099121844396,660.0128820673563,thumb_open,n/a,,,1,1,0,0,,keyboard,3025739.213318541,1771283518.787039,45,45,thumb_open
661.4461694844067,661.4461694844067,0.928550707641989,662.3747201920487,thumb_open,n/a,,,1,1,0,0,,keyboard,3025741.575156666,1771283521.148788,46,46,thumb_open
664.0782929421403,664.0782929421403,0.8433956252411008,664.9216885673814,thumb_open,n/a,,,1,1,0,0,,keyboard,3025744.122125041,1771283523.6956632,47,47,thumb_open
666.4762081922963,666.4762081922963,0.9634206667542458,667.4396288590506,thumb_open,n/a,,,1,1,0,0,,keyboard,3025746.640065333,1771283526.213509,48,48,thumb_open
669.1044224421494,669.1044224421494,0.9396760421805084,670.0440984843299,thumb_open,n/a,,,1,1,0,0,,keyboard,3025749.244534958,1771283528.817884,49,49,thumb_open
671.7194345672615,671.7194345672615,0.7960850838571787,672.5155196511187,thumb_open,n/a,,,1,1,0,0,,keyboard,3025751.715956125,1771283531.289213,50,50,thumb_open
674.1837244844064,674.1837244844064,1.0162476249970496,675.1999721094035,thumb_open,n/a,,,1,1,0,0,,keyboard,3025754.400408583,1771283533.973567,51,51,thumb_open
676.723913484253,676.723913484253,0.9075657497160137,677.631479233969,thumb_open,n/a,,,1,1,0,0,,keyboard,3025756.831915708,1771283536.404983,52,52,thumb_open
679.1527025261894,679.1527025261894,1.064587416127324,680.2172899423167,thumb_open,n/a,,,1,1,0,0,,keyboard,3025759.417726416,1771283538.990699,53,53,thumb_open
681.6974507258274,681.6974507258274,0.9374557617120445,682.6349064875394,thumb_open,n/a,,,1,1,0,0,,keyboard,3025761.8353429614,1771283541.3864388,54,54,thumb_open
684.0358325671405,684.0358325671405,1.208126834128052,685.2439594012685,thumb_open,n/a,,,1,1,0,0,,keyboard,3025764.444395875,1771283544.017185,55,55,thumb_open
686.8612336511724,686.8612336511724,0.8800013749860227,687.7412350261584,thumb_open,n/a,,,1,1,0,0,,keyboard,3025766.9416715,1771283546.5143669,56,56,thumb_open
689.231589901261,689.231589901261,0.7924979161471128,690.0240878174081,thumb_open,n/a,,,1,1,0,0,,keyboard,3025769.224524291,1771283548.797135,57,57,thumb_open
691.5789015670307,691.5789015670307,1.0609369170852005,692.6398384841159,thumb_open,n/a,,,1,1,0,0,,keyboard,3025771.840274958,1771283551.41279,58,58,thumb_open
694.0340526090004,694.0340526090004,1.1288434583693743,695.1628960673697,thumb_open,n/a,,,1,1,0,0,,keyboard,3025774.363332541,1771283553.935754,59,59,thumb_open
781.0727608171292,781.0727608171292,0.7001539999619126,781.7729148170911,thumb_close,n/a,,,1,2,0,0,,keyboard,3025860.973351291,1771283640.5425742,60,60,thumb_close
783.8845554841682,783.8845554841682,0.5764282918535173,784.4609837760217,thumb_close,n/a,,,1,2,0,0,,keyboard,3025863.66142025,1771283643.230539,61,61,thumb_close
786.4840496513061,786.4840496513061,0.788071250077337,787.2721209013835,thumb_close,n/a,,,1,2,0,0,,keyboard,3025866.472557375,1771283646.041573,62,62,thumb_close
788.8428180529736,788.8428180529736,0.7285628062672913,789.5713808592409,thumb_close,n/a,,,1,2,0,0,,keyboard,3025868.771817333,1771283648.340748,63,63,thumb_close
791.1967634423636,791.1967634423636,0.6799307088367641,791.8766941512004,thumb_close,n/a,,,1,2,0,0,,keyboard,3025871.077130625,1771283650.645974,64,64,thumb_close
793.9684391510673,793.9684391510673,0.732491166330874,794.7009303173982,thumb_close,n/a,,,1,2,0,0,,keyboard,3025873.901366791,1771283653.4701061,65,65,thumb_close
796.6365647763014,796.6365647763014,0.7328512500971556,797.3694160263985,thumb_close,n/a,,,1,2,0,0,,keyboard,3025876.5698525,1771283656.138496,66,66,thumb_close
798.9763344842941,798.9763344842941,0.9319048747420311,799.9082393590361,thumb_close,n/a,,,1,2,0,0,,keyboard,3025879.108675833,1771283658.677228,67,67,thumb_close
801.5295645673759,801.5295645673759,0.7962097497656941,802.3257743171416,thumb_close,n/a,,,1,2,0,0,,keyboard,3025881.526210791,1771283661.094673,68,68,thumb_close
804.0588321923278,804.0588321923278,0.7156835836358368,804.7745157759637,thumb_close,n/a,,,1,2,0,0,,keyboard,3025883.97495225,1771283663.5433202,69,69,thumb_close
806.6641343170777,806.6641343170777,0.6458288794383407,807.309963196516,thumb_close,n/a,,,1,2,0,0,,keyboard,3025886.5103996703,1771283666.073791,70,70,thumb_close
809.2314986512065,809.2314986512065,0.8774419999681413,810.1089406511746,thumb_close,n/a,,,1,2,0,0,,keyboard,3025889.309377125,1771283668.877548,71,71,thumb_close
811.7935116919689,811.7935116919689,0.5965653751045465,812.3900770670734,thumb_close,n/a,,,1,2,0,0,,keyboard,3025891.590513541,1771283671.1585999,72,72,thumb_close
814.3014257759787,814.3014257759787,0.7636381252668798,815.0650639012456,thumb_close,n/a,,,1,2,0,0,,keyboard,3025894.265500375,1771283673.833488,73,73,thumb_close
816.674399276264,816.674399276264,0.6559837078675628,817.3303829841316,thumb_close,n/a,,,1,2,0,0,,keyboard,3025896.530819458,1771283676.0987241,74,74,thumb_close
819.2377695674077,819.2377695674077,0.6480337087996304,819.8858032762073,thumb_close,n/a,,,1,2,0,0,,keyboard,3025899.08623975,1771283678.65405,75,75,thumb_close
821.5916707343422,821.5916707343422,0.9008450829423964,822.4925158172846,thumb_close,n/a,,,1,2,0,0,,keyboard,3025901.692952291,1771283681.2606668,76,76,thumb_close
824.0964081091806,824.0964081091806,0.9924400420859456,825.0888481512666,thumb_close,n/a,,,1,2,0,0,,keyboard,3025904.289284625,1771283683.8569002,77,77,thumb_close
826.8062178590335,826.8062178590335,0.9163528331555426,827.722570692189,thumb_close,n/a,,,1,2,0,0,,keyboard,3025906.923007166,1771283686.490526,78,78,thumb_close
829.433496426791,829.433496426791,0.7757314322516322,830.2092278590426,thumb_close,n/a,,,1,2,0,0,,keyboard,3025909.409664333,1771283688.977092,79,79,thumb_close
831.9663434009999,831.9663434009999,0.7761752083897591,832.7425186093897,thumb_close,n/a,,,1,2,0,0,,keyboard,3025911.942955083,1771283691.510289,80,80,thumb_close
834.4662374421023,834.4662374421023,0.764181500300765,835.230418942403,thumb_close,n/a,,,1,2,0,0,,keyboard,3025914.430855416,1771283693.998098,81,81,thumb_close
836.925548942294,836.925548942294,0.8158824588172138,837.7414314011112,thumb_close,n/a,,,1,2,0,0,,keyboard,3025916.941867875,1771283696.5090199,82,82,thumb_close
839.1141125261784,839.1141125261784,1.2196717499755323,840.3337842761539,thumb_close,n/a,,,1,2,0,0,,keyboard,3025919.53422075,1771283699.101275,83,83,thumb_close
842.0604844009504,842.0604844009504,0.856110833119601,842.91659523407,thumb_close,n/a,,,1,2,0,0,,keyboard,3025922.117031708,1771283701.683993,84,84,thumb_close
844.3874833593145,844.3874833593145,0.9994476670399308,845.3869310263544,thumb_close,n/a,,,1,2,0,0,,keyboard,3025924.5873675,1771283704.154232,85,85,thumb_close
846.7150492761284,846.7150492761284,0.9436940830200911,847.6587433591485,thumb_close,n/a,,,1,2,0,0,,keyboard,3025926.859179833,1771283706.425961,86,86,thumb_close
849.229671234265,849.229671234265,0.9605720001272857,850.1902432343923,thumb_close,n/a,,,1,2,0,0,,keyboard,3025929.390679708,1771283708.95737,87,87,thumb_close
851.8212046511471,851.8212046511471,0.8686196659691632,852.6898243171163,thumb_close,n/a,,,1,2,0,0,,keyboard,3025931.890260791,1771283711.456855,88,88,thumb_close
854.16703177616,854.16703177616,1.0111719579435885,855.1782037341036,thumb_close,n/a,,,1,2,0,0,,keyboard,3025934.378640208,1771283713.9451451,89,89,thumb_close
856.6263169841841,856.6263169841841,1.0236298330128193,857.6499468171969,thumb_close,n/a,,,1,2,0,0,,keyboard,3025936.850383291,1771283716.416797,90,90,thumb_close
859.5053655263036,859.5053655263036,0.9077989999204874,860.4131645262241,thumb_close,n/a,,,1,2,0,0,,keyboard,3025939.613601,1771283719.179913,91,91,thumb_close
862.0266604013741,862.0266604013741,0.9691441250033677,862.9958045263775,thumb_close,n/a,,,1,2,0,0,,keyboard,3025942.196241,1771283721.762458,92,92,thumb_close
864.5771759841591,864.5771759841591,0.8203524169512093,865.3975284011103,thumb_close,n/a,,,1,2,0,0,,keyboard,3025944.597964875,1771283724.1640902,93,93,thumb_close
867.2012505671009,867.2012505671009,0.7320884172804654,867.9333389843814,thumb_close,n/a,,,1,2,0,0,,keyboard,3025947.133775458,1771283726.699805,94,94,thumb_close
869.5533277341165,869.5533277341165,0.8438214170746505,870.3971491511911,thumb_close,n/a,,,1,2,0,0,,keyboard,3025949.597585625,1771283729.163528,95,95,thumb_close
872.2358024842106,872.2358024842106,0.7197921248152852,872.9555946090259,thumb_close,n/a,,,1,2,0,0,,keyboard,3025952.156031083,1771283731.721878,96,96,thumb_close
874.8572872760706,874.8572872760706,0.6754910000599921,875.5327782761306,thumb_close,n/a,,,1,2,0,0,,keyboard,3025954.73321475,1771283734.298966,97,97,thumb_close
877.2956964420155,877.2956964420155,0.7326905420050025,878.0283869840205,thumb_close,n/a,,,1,2,0,0,,keyboard,3025957.228823458,1771283736.794483,98,98,thumb_close
879.9177846922539,879.9177846922539,0.6836235839873552,880.6014082762413,thumb_close,n/a,,,1,2,0,0,,keyboard,3025959.80184475,1771283739.367409,99,99,thumb_close
882.4524828591384,882.4524828591384,0.7077722498215735,883.16025510896,thumb_close,n/a,,,1,2,0,0,,keyboard,3025962.360691583,1771283741.926163,100,100,thumb_close
884.9698041090742,884.9698041090742,0.76317641697824,885.7329805260524,thumb_close,n/a,,,1,2,0,0,,keyboard,3025964.933417,1771283744.498794,101,101,thumb_close
887.5942144421861,887.5942144421861,0.756487833801657,888.3507022759877,thumb_close,n/a,,,1,2,0,0,,keyboard,3025967.55113875,1771283747.116419,102,102,thumb_close
889.8873060671613,889.8873060671613,0.8885843749158084,890.7758904420771,thumb_close,n/a,,,1,2,0,0,,keyboard,3025969.976326916,1771283749.541515,103,103,thumb_close
892.4633429422975,892.4633429422975,0.8146834997460246,893.2780264420435,thumb_close,n/a,,,1,2,0,0,,keyboard,3025972.478462916,1771283752.043558,104,104,thumb_close
894.9810522343032,894.9810522343032,0.8367950418032706,895.8178472761065,thumb_close,n/a,,,1,2,0,0,,keyboard,3025975.01828375,1771283754.583288,105,105,thumb_close
897.6424458171241,897.6424458171241,0.9967510420829058,898.639196859207,thumb_close,n/a,,,1,2,0,0,,keyboard,3025977.839633333,1771283757.404533,106,106,thumb_close
900.1928369421512,900.1928369421512,1.092149999924004,901.2849869420752,thumb_close,n/a,,,1,2,0,0,,keyboard,3025980.485423416,1771283760.050224,107,107,thumb_close
902.7651810259558,902.7651810259558,0.9353919164277613,903.7005729423836,thumb_close,n/a,,,1,2,0,0,,keyboard,3025982.901009416,1771283762.465719,108,108,thumb_close
905.1512224841863,905.1512224841863,0.7995001669041812,905.9507226510905,thumb_close,n/a,,,1,2,0,0,,keyboard,3025985.151159125,1771283764.7157838,109,109,thumb_close
907.6403028592467,907.6403028592467,0.9750870000571012,908.6153898593038,thumb_close,n/a,,,1,2,0,0,,keyboard,3025987.815826333,1771283767.3803542,110,110,thumb_close
910.0854591093957,910.0854591093957,0.956680457573384,911.0421395669691,thumb_close,n/a,,,1,2,0,0,,keyboard,3025990.242576041,1771283769.80702,111,111,thumb_close
912.718984734267,912.718984734267,0.843551917001605,913.5625366512686,thumb_close,n/a,,,1,2,0,0,,keyboard,3025992.762973125,1771283772.327317,112,112,thumb_close
915.0454362761229,915.0454362761229,1.1320639159530401,916.177500192076,thumb_close,n/a,,,1,2,0,0,,keyboard,3025995.377936666,1771283774.942184,113,113,thumb_close
917.5544144841842,917.5544144841842,0.9836791250854731,918.5380936092697,thumb_close,n/a,,,1,2,0,0,,keyboard,3025997.738530083,1771283777.3026948,114,114,thumb_close
1145.374672526028,1145.374672526028,0.6158933751285076,1145.9905659011565,thumb_open,n/a,,,1,1,0,0,,keyboard,3026225.191002375,1771284004.746751,115,115,thumb_open
1147.9478610260412,1147.9478610260412,0.7555595831945539,1148.7034206092358,index_open,n/a,,,2,1,0,0,,keyboard,3026227.903857083,1771284007.459507,116,116,index_open
1150.4896341511048,1150.4896341511048,0.7366297082044184,1151.2262638593093,index_open,n/a,,,2,1,0,0,,keyboard,3026230.426700333,1771284009.9822562,117,117,index_open
1152.692738275975,1152.692738275975,0.8190874163992703,1153.5118256923743,index_open,n/a,,,2,1,0,0,,keyboard,3026232.712262166,1771284012.2677388,118,118,index_open
1155.2513068174012,1155.2513068174012,0.731989333871752,1155.983296151273,index_open,n/a,,,2,1,0,0,,keyboard,3026235.183732625,1771284014.739118,119,119,index_open
1157.709911567159,1157.709911567159,0.7718619168736041,1158.4817734840326,index_open,n/a,,,2,1,0,0,,keyboard,3026237.682209958,1771284017.237498,120,120,index_open
1160.1778812343255,1160.1778812343255,0.8126141247339547,1160.9904953590594,index_open,n/a,,,2,1,0,0,,keyboard,3026240.190931833,1771284019.74613,121,121,index_open
1162.6445469423197,1162.6445469423197,0.9010371249169111,1163.5455840672366,index_open,n/a,,,2,1,0,0,,keyboard,3026242.746020541,1771284022.301122,122,122,index_open
1165.3886569840834,1165.3886569840834,0.7312269597314298,1166.1198839438148,index_open,n/a,,,2,1,0,0,,keyboard,3026245.3203204176,1771284024.860333,123,123,index_open
1167.6650229422376,1167.6650229422376,0.8803174998611212,1168.5453404420987,index_open,n/a,,,2,1,0,0,,keyboard,3026247.745776916,1771284027.300695,124,124,index_open
1170.1493626921438,1170.1493626921438,0.8481597499921918,1170.997522442136,index_open,n/a,,,2,1,0,0,,keyboard,3026250.197958916,1771284029.752783,125,125,index_open
1172.8505585673265,1172.8505585673265,0.724206208717078,1173.5747647760436,index_open,n/a,,,2,1,0,0,,keyboard,3026252.77520125,1771284032.3299332,126,126,index_open
1175.300934442319,1175.300934442319,0.888139917049557,1176.1890743593685,index_open,n/a,,,2,1,0,0,,keyboard,3026255.389510833,1771284034.9441469,127,127,index_open
1178.1766431923024,1178.1766431923024,0.5334238749928772,1178.7100670672953,index_open,n/a,,,2,1,0,0,,keyboard,3026257.910503541,1771284037.465045,128,128,index_open
1180.612669234164,1180.612669234164,0.7255712919868529,1181.338240526151,index_open,n/a,,,2,1,0,0,,keyboard,3026260.538677,1771284040.093121,129,129,index_open
1183.262455651071,1183.262455651071,0.5518808751367033,1183.8143365262076,index_open,n/a,,,2,1,0,0,,keyboard,3026263.014773,1771284042.5691252,130,130,index_open
1185.3848626655526,1185.3848626655526,0.7610233607701957,1186.1458860263228,index_open,n/a,,,2,1,0,0,,keyboard,3026265.3463225,1771284044.900587,131,131,index_open
1188.0124753592536,1188.0124753592536,0.5164026669226587,1188.5288780261762,index_open,n/a,,,2,1,0,0,,keyboard,3026267.7293145,1771284047.283492,132,132,index_open
1190.4167181923985,1190.4167181923985,0.7037712088786066,1191.1204894012772,index_open,n/a,,,2,1,0,0,,keyboard,3026270.320925875,1771284049.87501,133,133,index_open
1192.9351222342812,1192.9351222342812,0.7210513330064714,1193.6561735672876,index_open,n/a,,,2,1,0,0,,keyboard,3026272.856610041,1771284052.410601,134,134,index_open
1195.3984020263888,1195.3984020263888,0.7967695407569408,1196.1951715671457,index_open,n/a,,,2,1,0,0,,keyboard,3026275.395608041,1771284054.949503,135,135,index_open
1198.2439865670167,1198.2439865670167,0.4372332920320332,1198.6812198590487,index_open,n/a,,,2,1,0,0,,keyboard,3026277.881656333,1771284057.435458,136,136,index_open
1200.7886460260488,1200.7886460260488,0.5639937911182642,1201.352639817167,index_open,n/a,,,2,1,0,0,,keyboard,3026280.553076291,1771284060.1067789,137,137,index_open
1203.2108064843342,1203.2108064843342,0.5525660826824605,1203.7633725670166,index_open,n/a,,,2,1,0,0,,keyboard,3026282.963809041,1771284062.5174232,138,138,index_open
1205.6061781090684,1205.6061781090684,0.63623012509197,1206.2424082341604,index_open,n/a,,,2,1,0,0,,keyboard,3026285.442844708,1771284064.9963672,139,139,index_open
1208.2472725673579,1208.2472725673579,0.5601315419189632,1208.8074041092768,index_open,n/a,,,2,1,0,0,,keyboard,3026288.007840583,1771284067.5612679,140,140,index_open
1210.6712254420854,1210.6712254420854,0.6430035000666976,1211.314228942152,index_open,n/a,,,2,1,0,0,,keyboard,3026290.514665416,1771284070.067999,141,141,index_open
1213.315960359294,1213.315960359294,0.5039309998974204,1213.8198913591914,index_open,n/a,,,2,1,0,0,,keyboard,3026293.020327833,1771284072.573575,142,142,index_open
1216.1592792761512,1216.1592792761512,0.46878370782360435,1216.6280629839748,index_open,n/a,,,2,1,0,0,,keyboard,3026295.828499458,1771284075.381641,143,143,index_open
1218.6677905670367,1218.6677905670367,0.45245179207995534,1219.1202423591167,index_open,n/a,,,2,1,0,0,,keyboard,3026298.320678833,1771284077.873724,144,144,index_open
1220.9441891512834,1220.9441891512834,0.5833008331246674,1221.527489984408,index_open,n/a,,,2,1,0,0,,keyboard,3026300.727926458,1771284080.2808828,145,145,index_open
1223.6271775672212,1223.6271775672212,0.4757207087241113,1224.1028982759453,index_open,n/a,,,2,1,0,0,,keyboard,3026303.30333475,1771284082.856197,146,146,index_open
1225.9933651089668,1225.9933651089668,0.6038427921012044,1226.597207901068,index_open,n/a,,,2,1,0,0,,keyboard,3026305.797644375,1771284085.350414,147,147,index_open
1228.5582513590343,1228.5582513590343,0.48456350015476346,1229.042814859189,index_open,n/a,,,2,1,0,0,,keyboard,3026308.243251333,1771284087.7959301,148,148,index_open
1231.0862858593464,1231.0862858593464,0.5449628746137023,1231.63124873396,index_open,n/a,,,2,1,0,0,,keyboard,3026310.831685208,1771284090.3842702,149,149,index_open
1233.8233073591255,1233.8233073591255,0.42422450007870793,1234.2475318592042,index_open,n/a,,,2,1,0,0,,keyboard,3026313.447968333,1771284093.000459,150,150,index_open
1236.375751776155,1236.375751776155,0.49520849995315075,1236.8709602761082,index_open,n/a,,,2,1,0,0,,keyboard,3026316.07139675,1771284095.623787,151,151,index_open
1238.8733232342638,1238.8733232342638,0.4560185829177499,1239.3293418171816,index_open,n/a,,,2,1,0,0,,keyboard,3026318.529778291,1771284098.082079,152,152,index_open
1241.3779551922344,1241.3779551922344,0.4445582088083029,1241.8225134010427,index_open,n/a,,,2,1,0,0,,keyboard,3026321.022949875,1771284100.575155,153,153,index_open
1243.8593869423494,1243.8593869423494,0.4443237497471273,1244.3037106920965,index_open,n/a,,,2,1,0,0,,keyboard,3026323.504147166,1771284103.05626,154,154,index_open
1246.0912830261514,1246.0912830261514,0.5884347911924124,1246.6797178173438,index_open,n/a,,,2,1,0,0,,keyboard,3026325.880154291,1771284105.432183,155,155,index_open
1248.786298984196,1248.786298984196,0.5567312920466065,1249.3430302762426,index_open,n/a,,,2,1,0,0,,keyboard,3026328.54346675,1771284108.0953972,156,156,index_open
1251.1520244842395,1251.1520244842395,0.7409280650317669,1251.8929525492713,index_open,n/a,,,2,1,0,0,,keyboard,3026331.093389023,1771284110.644076,157,157,index_open
1253.6680831089616,1253.6680831089616,0.6672007502056658,1254.3352838591672,index_open,n/a,,,2,1,0,0,,keyboard,3026333.535720333,1771284113.087463,158,158,index_open
1256.4858240340836,1256.4858240340836,0.4705263669602573,1256.956350401044,index_open,n/a,,,2,1,0,0,,keyboard,3026336.156786875,1771284115.708436,159,159,index_open
1259.1103002186865,1259.1103002186865,0.5103979734703898,1259.6206981921569,index_open,n/a,,,2,1,0,0,,keyboard,3026338.821134666,1771284118.372687,160,160,index_open
1261.6512221922167,1261.6512221922167,0.42030104203149676,1262.0715232342482,index_open,n/a,,,2,1,0,0,,keyboard,3026341.271959708,1771284120.8234172,161,161,index_open
1264.0713693592697,1264.0713693592697,0.4200634998269379,1264.4914328590967,index_open,n/a,,,2,1,0,0,,keyboard,3026343.691869333,1771284123.243241,162,162,index_open
1266.7015311922878,1266.7015311922878,0.4243669589050114,1267.1258981511928,index_open,n/a,,,2,1,0,0,,keyboard,3026346.326334625,1771284125.8776069,163,163,index_open
1269.2423981921747,1269.2423981921747,0.5084737567231059,1269.7508719488978,index_open,n/a,,,2,1,0,0,,keyboard,3026348.9513084227,1771284128.4862359,164,164,index_open
1271.5193855329417,1271.5193855329417,0.4194594155997038,1271.9388449485414,index_open,n/a,,,2,1,0,0,,keyboard,3026351.1392814224,1771284130.685417,165,165,index_open
1274.048784526065,1274.048784526065,0.384230500087142,1274.4330150261521,index_open,n/a,,,2,1,0,0,,keyboard,3026353.6334515,1771284133.184452,166,166,index_open
1276.521466651,1276.521466651,0.48377604130655527,1277.0052426923066,index_open,n/a,,,2,1,0,0,,keyboard,3026356.205679166,1771284135.756585,167,167,index_open
1279.171370067168,1279.171370067168,0.34756816690787673,1279.518938234076,index_open,n/a,,,2,1,0,0,,keyboard,3026358.719374708,1771284138.270186,168,168,index_open
1361.5456976513378,1361.5456976513378,0.5622443747706711,1362.1079420261085,index_close,n/a,,,2,2,0,0,,keyboard,3026441.3083785,1771284220.856141,169,169,index_close
1363.8292434010655,1363.8292434010655,0.7317002909258008,1364.5609436919913,index_close,n/a,,,2,2,0,0,,keyboard,3026443.761380166,1771284223.3090491,170,170,index_close
1366.2731611090712,1366.2731611090712,0.7116347081027925,1366.984795817174,index_close,n/a,,,2,2,0,0,,keyboard,3026446.185232291,1771284225.73281,171,171,index_close
1368.7149808593094,1368.7149808593094,0.7802146668545902,1369.495195526164,index_close,n/a,,,2,2,0,0,,keyboard,3026448.695632,1771284228.243118,172,172,index_close
1371.467460941989,1371.467460941989,0.5957624171860516,1372.063223359175,index_close,n/a,,,2,2,0,0,,keyboard,3026451.263659833,1771284230.811054,173,173,index_close
1374.161694901064,1374.161694901064,0.5553980409167707,1374.7170929419808,index_close,n/a,,,2,2,0,0,,keyboard,3026453.917529416,1771284233.464823,174,174,index_close
1376.5657865260728,1376.5657865260728,0.7442675409838557,1377.3100540670566,index_close,n/a,,,2,2,0,0,,keyboard,3026456.510490541,1771284236.0576892,175,175,index_close
1379.2028437340632,1379.2028437340632,0.5440317923203111,1379.7468755263835,index_close,n/a,,,2,2,0,0,,keyboard,3026458.947312,1771284238.494418,176,176,index_close
1381.645585109014,1381.645585109014,0.5484961671754718,1382.1940812761895,index_close,n/a,,,2,2,0,0,,keyboard,3026461.39451775,1771284240.941535,177,177,index_close
1384.014934817329,1384.014934817329,0.6084922086447477,1384.6234270259738,index_close,n/a,,,2,2,0,0,,keyboard,3026463.8238635,1771284243.37079,178,178,index_close
1386.494947984349,1386.494947984349,0.7641276246868074,1387.2590756090358,index_close,n/a,,,2,2,0,0,,keyboard,3026466.459512083,1771284246.006342,179,179,index_close
1389.336761442013,1389.336761442013,0.5357303339987993,1389.8724917760119,index_close,n/a,,,2,2,0,0,,keyboard,3026469.07292825,1771284248.6196601,180,180,index_close
1391.6840368593112,1391.6840368593112,0.6533114579506218,1392.3373483172618,index_close,n/a,,,2,2,0,0,,keyboard,3026471.537784791,1771284251.084425,181,181,index_close
1394.1610226090997,1394.1610226090997,0.564080917276442,1394.7251035263762,index_close,n/a,,,2,2,0,0,,keyboard,3026473.92554,1771284253.4720929,182,182,index_close
1396.6836820673198,1396.6836820673198,0.5847840416245162,1397.2684661089443,index_close,n/a,,,2,2,0,0,,keyboard,3026476.468902583,1771284256.0153742,183,183,index_close
1399.2575371512212,1399.2575371512212,0.5236987886019051,1399.781235939823,index_close,n/a,,,2,2,0,0,,keyboard,3026478.9816724136,1771284258.5249548,184,184,index_close
1401.7819786090404,1401.7819786090404,0.5445098332129419,1402.3264884422533,index_close,n/a,,,2,2,0,0,,keyboard,3026481.526924916,1771284261.073198,185,185,index_close
1404.1400620676577,1404.1400620676577,0.6942863333970308,1404.8343484010547,index_close,n/a,,,2,2,0,0,,keyboard,3026484.034784875,1771284263.580966,186,186,index_close
1406.796444984153,1406.796444984153,0.60295654181391,1407.3994015259668,index_close,n/a,,,2,2,0,0,,keyboard,3026486.599838,1771284266.145924,187,187,index_close
1409.4815254332498,1409.4815254332498,0.521469634026289,1410.002995067276,index_close,n/a,,,2,2,0,0,,keyboard,3026489.203431541,1771284268.749428,188,188,index_close
1411.997895067092,1411.997895067092,0.4323163749650121,1412.430211442057,index_close,n/a,,,2,2,0,0,,keyboard,3026491.630647916,1771284271.176548,189,189,index_close
1414.3939265259542,1414.3939265259542,0.56834483332932,1414.9622713592835,index_close,n/a,,,2,2,0,0,,keyboard,3026494.162707833,1771284273.708514,190,190,index_close
1417.0962425670587,1417.0962425670587,0.5202955841086805,1417.6165381511673,index_close,n/a,,,2,2,0,0,,keyboard,3026496.816974625,1771284276.3626812,191,191,index_close
1419.5687459423207,1419.5687459423207,0.5759549587965012,1420.1447009011172,index_close,n/a,,,2,2,0,0,,keyboard,3026499.345137375,1771284278.890761,192,192,index_close
1422.1346952761523,1422.1346952761523,0.484671332873404,1422.6193666090257,index_close,n/a,,,2,2,0,0,,keyboard,3026501.819803083,1771284281.365324,193,193,index_close
1424.5357346921228,1424.5357346921228,0.625533124897629,1425.1612678170204,index_close,n/a,,,2,2,0,0,,keyboard,3026504.361704291,1771284283.907131,194,194,index_close
1427.0753194009885,1427.0753194009885,0.5279014161787927,1427.6032208171673,index_close,n/a,,,2,2,0,0,,keyboard,3026506.803657291,1771284286.348994,195,195,index_close
1429.6671985262074,1429.6671985262074,0.539388915989548,1430.206587442197,index_close,n/a,,,2,2,0,0,,keyboard,3026509.407023916,1771284288.9522681,196,196,index_close
1432.3214505673386,1432.3214505673386,0.5275285840034485,1432.848979151342,index_close,n/a,,,2,2,0,0,,keyboard,3026512.049415625,1771284291.594562,197,197,index_close
1434.6886597340927,1434.6886597340927,0.5478073749691248,1435.2364671090618,index_close,n/a,,,2,2,0,0,,keyboard,3026514.436903583,1771284293.981961,198,198,index_close
1437.202766109258,1437.202766109258,0.5897560804150999,1437.792522189673,index_close,n/a,,,2,2,0,0,,keyboard,3026516.9929586635,1771284296.532107,199,199,index_close
1439.8113909419626,1439.8113909419626,0.5173534173518419,1440.3287443593144,index_close,n/a,,,2,2,0,0,,keyboard,3026519.529180833,1771284299.07405,200,200,index_close
1442.3391576623544,1442.3391576623544,0.4869482386857271,1442.8261059010401,index_close,n/a,,,2,2,0,0,,keyboard,3026522.026542375,1771284301.57132,201,201,index_close
1444.7907951092348,1444.7907951092348,0.5648280000314116,1445.3556231092662,index_close,n/a,,,2,2,0,0,,keyboard,3026524.556059583,1771284304.100746,202,202,index_close
1447.2134017487988,1447.2134017487988,0.5953158605843782,1447.8087176093832,index_close,n/a,,,2,2,0,0,,keyboard,3026527.009154083,1771284306.553749,203,203,index_close
1449.6256074421108,1449.6256074421108,0.6518179168924689,1450.2774253590032,index_close,n/a,,,2,2,0,0,,keyboard,3026529.477861833,1771284309.022361,204,204,index_close
1452.3017027759925,1452.3017027759925,0.6521857501938939,1452.9538885261863,index_close,n/a,,,2,2,0,0,,keyboard,3026532.154325,1771284311.6987252,205,205,index_close
1454.9709671512246,1454.9709671512246,0.5109826661646366,1455.4819498173892,index_close,n/a,,,2,2,0,0,,keyboard,3026534.682386291,1771284314.2266939,206,206,index_close
1457.5377694843337,1457.5377694843337,0.49264258285984397,1458.0304120671935,index_close,n/a,,,2,2,0,0,,keyboard,3026537.230848541,1771284316.775062,207,207,index_close
1459.8690548590384,1459.8690548590384,0.655776625033468,1460.524831484072,index_close,n/a,,,2,2,0,0,,keyboard,3026539.725267958,1771284319.269393,208,208,index_close
1462.5321444422007,1462.5321444422007,0.5476826671510935,1463.0798271093518,index_close,n/a,,,2,2,0,0,,keyboard,3026542.280263583,1771284321.8242922,209,209,index_close
1464.7891282238998,1464.7891282238998,0.8343561352230608,1465.6234843591228,index_close,n/a,,,2,2,0,0,,keyboard,3026544.823920833,1771284324.367852,210,210,index_close
1467.3352505671792,1467.3352505671792,0.6962404591031373,1468.0314910262823,index_close,n/a,,,2,2,0,0,,keyboard,3026547.2319275,1771284326.775769,211,211,index_close
1469.9897531513125,1469.9897531513125,0.6038875826634467,1470.593640733976,index_close,n/a,,,2,2,0,0,,keyboard,3026549.794077208,1771284329.337829,212,212,index_close
1472.4662961922586,1472.4662961922586,0.6571360840462148,1473.1234322763048,index_close,n/a,,,2,2,0,0,,keyboard,3026552.32386875,1771284331.867521,213,213,index_close
1475.157761984039,1475.157761984039,0.5990415341220796,1475.7568035181612,index_close,n/a,,,2,2,0,0,,keyboard,3026554.957239992,1771284334.498595,214,214,index_close
1477.524846359156,1477.524846359156,0.6833547079004347,1478.2082010670565,index_close,n/a,,,2,2,0,0,,keyboard,3026557.408637541,1771284336.952109,215,215,index_close
1480.115220359061,1480.115220359061,0.616012167185545,1480.7312325262465,index_close,n/a,,,2,2,0,0,,keyboard,3026559.931669,1771284339.475039,216,216,index_close
1482.7084372760728,1482.7084372760728,0.5598052502609789,1483.2682425263338,index_close,n/a,,,2,2,0,0,,keyboard,3026562.468679,1771284342.011971,217,217,index_close
1484.8898958591744,1484.8898958591744,0.8284737919457257,1485.7183696511202,index_close,n/a,,,2,2,0,0,,keyboard,3026564.918806125,1771284344.4619951,218,218,index_close
1487.47892690124,1487.47892690124,0.8800975829362869,1488.3590244841762,index_close,n/a,,,2,2,0,0,,keyboard,3026567.559460958,1771284347.102551,219,219,index_close
1490.160219151061,1490.160219151061,0.7201916659250855,1490.8804108169861,index_close,n/a,,,2,2,0,0,,keyboard,3026570.080847291,1771284349.623845,220,220,index_close
1492.663542429451,1492.663542429451,0.7447128859348595,1493.4082553153858,index_close,n/a,,,2,2,0,0,,keyboard,3026572.608691789,1771284352.134151,221,221,index_close
1495.319962308742,1495.319962308742,0.5603761640377343,1495.8803384727798,index_close,n/a,,,2,2,0,0,,keyboard,3026575.0807749466,1771284354.616106,222,222,index_close
1497.8014136091806,1497.8014136091806,0.6683858330361545,1498.4697994422168,index_close,n/a,,,2,2,0,0,,keyboard,3026577.670235916,1771284357.212954,223,223,index_close
1500.323795359116,1500.323795359116,0.6648970828391612,1500.9886924419552,index_close,n/a,,,2,2,0,0,,keyboard,3026580.189128916,1771284359.731755,224,224,index_close
1502.8693518592045,1502.8693518592045,0.5960887498222291,1503.4654406090267,index_close,n/a,,,2,2,0,0,,keyboard,3026582.665877083,1771284362.208411,225,225,index_close
1582.4828824880533,1582.4828824880533,0.6259199539199471,1583.1088024419732,index_open,n/a,,,2,1,0,0,,keyboard,3026662.309238916,1771284441.848829,226,226,index_open
1585.0408221920952,1585.0408221920952,0.6247522500343621,1585.6655744421296,middle_open,n/a,,,3,1,0,0,,keyboard,3026664.866010916,1771284444.4055061,227,227,middle_open
1587.4391654841602,1587.4391654841602,0.7162010418251157,1588.1553665259853,middle_open,n/a,,,3,1,0,0,,keyboard,3026667.355803,1771284446.895206,228,228,middle_open
1589.9082517339848,1589.9082517339848,0.6962523330003023,1590.604504066985,middle_open,n/a,,,3,1,0,0,,keyboard,3026669.804940541,1771284449.344256,229,229,middle_open
1592.3231662488542,1592.3231662488542,0.7967164064757526,1593.11988265533,middle_open,n/a,,,3,1,0,0,,keyboard,3026672.320319129,1771284451.8569002,230,230,middle_open
1595.3695756830275,1595.3695756830275,0.5459938012063503,1595.9155694842339,middle_open,n/a,,,3,1,0,0,,keyboard,3026675.116005958,1771284454.6551192,231,231,middle_open
1597.8954869010486,1597.8954869010486,0.5963032501749694,1598.4917901512235,middle_open,n/a,,,3,1,0,0,,keyboard,3026677.692226625,1771284457.231251,232,232,middle_open
1600.1504566026852,1600.1504566026852,0.6582160484977067,1600.8086726511829,middle_open,n/a,,,3,1,0,0,,keyboard,3026680.009109125,1771284459.548042,233,233,middle_open
1605.472999776248,1605.472999776248,0.511893582995981,1605.9848933592439,middle_open,n/a,,,3,1,0,0,,keyboard,3026685.185329833,1771284464.724073,234,234,middle_open
1607.9803936514072,1607.9803936514072,0.48072058288380504,1608.461114234291,middle_open,n/a,,,3,1,0,0,,keyboard,3026687.661550708,1771284467.200201,235,235,middle_open
1610.4563964423724,1610.4563964423724,0.5167184169404209,1610.9731148593128,middle_open,n/a,,,3,1,0,0,,keyboard,3026690.173551333,1771284469.7121081,236,236,middle_open
1612.7971816509962,1612.7971816509962,0.5997435003519058,1613.3969251513481,middle_open,n/a,,,3,1,0,0,,keyboard,3026692.597361625,1771284472.135832,237,237,middle_open
1615.20529485913,1615.20529485913,0.5405930830165744,1615.7458879421465,middle_open,n/a,,,3,1,0,0,,keyboard,3026694.946324416,1771284474.484707,238,238,middle_open
1617.6571761090308,1617.6571761090308,0.6606191252358258,1618.3177952342667,middle_open,n/a,,,3,1,0,0,,keyboard,3026697.518231708,1771284477.0565171,239,239,middle_open
1620.2247813171707,1620.2247813171707,0.6808510841801763,1620.9056324013509,middle_open,n/a,,,3,1,0,0,,keyboard,3026700.106068875,1771284479.644257,240,240,middle_open
1622.8804074842483,1622.8804074842483,0.5437823748216033,1623.4241898590699,middle_open,n/a,,,3,1,0,0,,keyboard,3026702.624626333,1771284482.162722,241,241,middle_open
1625.2535202763975,1625.2535202763975,0.6916736247949302,1625.9451939011924,middle_open,n/a,,,3,1,0,0,,keyboard,3026705.145630375,1771284484.683637,242,242,middle_open
1627.9797363169491,1627.9797363169491,0.5995349171571434,1628.5792712341063,middle_open,n/a,,,3,1,0,0,,keyboard,3026707.779707708,1771284487.317614,243,243,middle_open
1630.5185552760959,1630.5185552760959,0.5204940410330892,1631.039049317129,middle_open,n/a,,,3,1,0,0,,keyboard,3026710.239485791,1771284489.7773051,244,244,middle_open
1633.0636046919972,1633.0636046919972,0.6442547217011452,1633.7078594136983,middle_open,n/a,,,3,1,0,0,,keyboard,3026712.9082958875,1771284492.44237,245,245,middle_open
1635.6779631092213,1635.6779631092213,0.5359209170565009,1636.2138840262778,middle_open,n/a,,,3,1,0,0,,keyboard,3026715.4143205,1771284494.9519439,246,246,middle_open
1638.0611069421284,1638.0611069421284,0.5400000000372529,1638.6011069421656,middle_open,n/a,,,3,1,0,0,,keyboard,3026717.801543416,1771284497.3390772,247,247,middle_open
1640.5475181513466,1640.5475181513466,0.5244761249050498,1641.0719942762516,middle_open,n/a,,,3,1,0,0,,keyboard,3026720.27243075,1771284499.809875,248,248,middle_open
1642.8996923170052,1642.8996923170052,0.7839045003056526,1643.683596817311,middle_open,n/a,,,3,1,0,0,,keyboard,3026722.884033291,1771284502.42138,249,249,middle_open
1645.5920113590546,1645.5920113590546,0.5647752080112696,1646.1567865670659,middle_open,n/a,,,3,1,0,0,,keyboard,3026725.357223041,1771284504.894479,250,250,middle_open
1648.0884394841269,1648.0884394841269,0.5723316669464111,1648.6607711510733,middle_open,n/a,,,3,1,0,0,,keyboard,3026727.861207625,1771284507.39837,251,251,middle_open
1650.792001483962,1650.792001483962,0.5633471673354506,1651.3553486512974,middle_open,n/a,,,3,1,0,0,,keyboard,3026730.555785125,1771284510.092851,252,252,middle_open
1653.340262901038,1653.340262901038,0.4962484580464661,1653.8365113590844,middle_open,n/a,,,3,1,0,0,,keyboard,3026733.036947833,1771284512.573925,253,253,middle_open
1655.7756538814865,1655.7756538814865,0.5112873739562929,1656.2869412554428,middle_open,n/a,,,3,1,0,0,,keyboard,3026735.4873777293,1771284514.9951339,254,254,middle_open
1658.4945458173752,1658.4945458173752,0.4758640415966511,1658.9704098589718,middle_open,n/a,,,3,1,0,0,,keyboard,3026738.170846333,1771284517.707629,255,255,middle_open
1660.9310378590599,1660.9310378590599,0.5556788332760334,1661.486716692336,middle_open,n/a,,,3,1,0,0,,keyboard,3026740.687153166,1771284520.2238421,256,256,middle_open
1663.474573942367,1663.474573942367,0.5396054997108877,1664.0141794420779,middle_open,n/a,,,3,1,0,0,,keyboard,3026743.214615916,1771284522.751211,257,257,middle_open
1665.911812135484,1665.911812135484,0.5029917657375336,1666.4148039012216,middle_open,n/a,,,3,1,0,0,,keyboard,3026745.615240375,1771284525.151753,258,258,middle_open
1668.3042217344046,1668.3042217344046,0.57629254180938,1668.880514276214,middle_open,n/a,,,3,1,0,0,,keyboard,3026748.08095075,1771284527.617366,259,259,middle_open
1671.136631316971,1671.136631316971,0.5124232922680676,1671.649054609239,middle_open,n/a,,,3,1,0,0,,keyboard,3026750.849491083,1771284530.385807,260,260,middle_open
1673.5253766509704,1673.5253766509704,0.5678243329748511,1674.0932009839453,middle_open,n/a,,,3,1,0,0,,keyboard,3026753.293637458,1771284532.8298612,261,261,middle_open
1676.012247942388,1676.012247942388,0.604006249923259,1676.6162541923113,middle_open,n/a,,,3,1,0,0,,keyboard,3026755.816690666,1771284535.352819,262,262,middle_open
1678.583916401025,1678.583916401025,0.5219811252318323,1679.1058975262567,middle_open,n/a,,,3,1,0,0,,keyboard,3026758.306334,1771284537.8423731,263,263,middle_open
1680.923296151217,1680.923296151217,0.6839991249144077,1681.6072952761315,middle_open,n/a,,,3,1,0,0,,keyboard,3026760.80773175,1771284540.343677,264,264,middle_open
1683.6442000260577,1683.6442000260577,0.4922526660375297,1684.1364526920952,middle_open,n/a,,,3,1,0,0,,keyboard,3026763.336889166,1771284542.87274,265,265,middle_open
1686.1052134013735,1686.1052134013735,0.5014286655932665,1686.6066420669667,middle_open,n/a,,,3,1,0,0,,keyboard,3026765.807078541,1771284545.342839,266,266,middle_open
1688.5735186091624,1688.5735186091624,0.5161642921157181,1689.0896829012781,middle_open,n/a,,,3,1,0,0,,keyboard,3026768.290119375,1771284547.825792,267,267,middle_open
1691.0029681092128,1691.0029681092128,0.6209968328475952,1691.6239649420604,middle_open,n/a,,,3,1,0,0,,keyboard,3026770.824401416,1771284550.359977,268,268,middle_open
1693.7855291510932,1693.7855291510932,0.5392482080496848,1694.324777359143,middle_open,n/a,,,3,1,0,0,,keyboard,3026773.525213833,1771284553.060687,269,269,middle_open
1696.350755234249,1696.350755234249,0.41235945792868733,1696.7631146921776,middle_open,n/a,,,3,1,0,0,,keyboard,3026775.963551166,1771284555.498935,270,270,middle_open
1698.7716664010659,1698.7716664010659,0.4963802909478545,1699.2680466920137,middle_open,n/a,,,3,1,0,0,,keyboard,3026778.468483166,1771284558.003775,271,271,middle_open
1701.3115724842064,1701.3115724842064,0.45580037496984005,1701.7673728591762,middle_open,n/a,,,3,1,0,0,,keyboard,3026780.967809333,1771284560.5030148,272,272,middle_open
1703.7280282340944,1703.7280282340944,0.49574537528678775,1704.2237736093812,middle_open,n/a,,,3,1,0,0,,keyboard,3026783.424210083,1771284562.959317,273,273,middle_open
1706.3074811920524,1706.3074811920524,0.44870220916345716,1706.7561834012158,middle_open,n/a,,,3,1,0,0,,keyboard,3026785.956619875,1771284565.491633,274,274,middle_open
1708.9088084842078,1708.9088084842078,0.5020257500000298,1709.4108342342079,middle_open,n/a,,,3,1,0,0,,keyboard,3026788.611270708,1771284568.1461918,275,275,middle_open
1711.385909609031,1711.385909609031,0.5555303329601884,1711.9414399419911,middle_open,n/a,,,3,1,0,0,,keyboard,3026791.141876416,1771284570.6766982,276,276,middle_open
1714.0132251922041,1714.0132251922041,0.4686758751049638,1714.481901067309,middle_open,n/a,,,3,1,0,0,,keyboard,3026793.682337541,1771284573.217067,277,277,middle_open
1716.4141214010306,1716.4141214010306,0.5407879161648452,1716.9549093171954,middle_open,n/a,,,3,1,0,0,,keyboard,3026796.155345791,1771284575.689985,278,278,middle_open
1719.1389884012751,1719.1389884012751,0.5522792497649789,1719.69126765104,middle_open,n/a,,,3,1,0,0,,keyboard,3026798.891704125,1771284578.426241,279,279,middle_open
1721.5405705263838,1721.5405705263838,0.4993124157190323,1722.0398829421028,middle_open,n/a,,,3,1,0,0,,keyboard,3026801.240319416,1771284580.774774,280,280,middle_open
1769.0127570233308,1769.0127570233308,0.7357368776574731,1769.7484939009883,middle_close,n/a,,,3,2,0,0,,keyboard,3026848.948930375,1771284628.481618,281,281,middle_close
1771.2941187340766,1771.2941187340766,0.6408387501724064,1771.934957484249,middle_close,n/a,,,3,2,0,0,,keyboard,3026851.135393958,1771284630.668001,282,282,middle_close
1773.8363133170642,1773.8363133170642,0.5484265419654548,1774.3847398590297,middle_close,n/a,,,3,2,0,0,,keyboard,3026853.585176333,1771284633.1176908,283,283,middle_close
1776.4509451882914,1776.4509451882914,0.6639497959986329,1777.11489498429,middle_close,n/a,,,3,2,0,0,,keyboard,3026856.315331458,1771284635.847743,284,284,middle_close
1779.0197839420289,1779.0197839420289,0.6042071669362485,1779.6239911089651,middle_close,n/a,,,3,2,0,0,,keyboard,3026858.824427583,1771284638.3567512,285,285,middle_close
1781.2933369423263,1781.2933369423263,0.6857922682538629,1781.9791292105801,middle_close,n/a,,,3,2,0,0,,keyboard,3026861.1795656844,1771284640.710151,286,286,middle_close
1784.0801978171803,1784.0801978171803,0.5646489998325706,1784.6448468170129,middle_close,n/a,,,3,2,0,0,,keyboard,3026863.845283291,1771284643.377416,287,287,middle_close
1786.435764275957,1786.435764275957,0.7201316663995385,1787.1558959423564,middle_close,n/a,,,3,2,0,0,,keyboard,3026866.356332416,1771284645.888374,288,288,middle_close
1789.08870819211,1789.08870819211,0.5970231671817601,1789.6857313592918,middle_close,n/a,,,3,2,0,0,,keyboard,3026868.886167833,1771284648.418123,289,289,middle_close
1791.657410942018,1791.657410942018,0.49149388493970037,1792.1489048269577,middle_close,n/a,,,3,2,0,0,,keyboard,3026871.349341301,1771284650.8789499,290,290,middle_close
1794.172951026354,1794.172951026354,0.5123359998688102,1794.6852870262228,middle_close,n/a,,,3,2,0,0,,keyboard,3026873.8857235,1771284653.4174879,291,291,middle_close
1796.4149325261824,1796.4149325261824,0.7398799159564078,1797.1548124421388,middle_close,n/a,,,3,2,0,0,,keyboard,3026876.355248916,1771284655.88692,292,292,middle_close
1799.0831606923603,1799.0831606923603,0.6596533339470625,1799.7428140263073,middle_close,n/a,,,3,2,0,0,,keyboard,3026878.9432505,1771284658.474825,293,293,middle_close
1801.5406444841065,1801.5406444841065,0.6287860418669879,1802.1694305259734,middle_close,n/a,,,3,2,0,0,,keyboard,3026881.369867,1771284660.9013572,294,294,middle_close
1804.2781671513803,1804.2781671513803,0.5815821248106658,1804.859749276191,middle_close,n/a,,,3,2,0,0,,keyboard,3026884.06018575,1771284663.591572,295,295,middle_close
1806.721023942344,1806.721023942344,0.6715790419839323,1807.3926029843278,middle_close,n/a,,,3,2,0,0,,keyboard,3026886.593039458,1771284666.124332,296,296,middle_close
1809.3424388593994,1809.3424388593994,0.5687172915786505,1809.911156150978,middle_close,n/a,,,3,2,0,0,,keyboard,3026889.111592625,1771284668.642795,297,297,middle_close
1811.6434076093137,1811.6434076093137,0.7166607077233493,1812.360068317037,middle_close,n/a,,,3,2,0,0,,keyboard,3026891.560504791,1771284671.0916128,298,298,middle_close
1814.1663967762142,1814.1663967762142,0.651417083106935,1814.8178138593212,middle_close,n/a,,,3,2,0,0,,keyboard,3026894.018250333,1771284673.549269,299,299,middle_close
1816.5547274011187,1816.5547274011187,0.7699085962958634,1817.3246359974146,middle_close,n/a,,,3,2,0,0,,keyboard,3026896.5250724712,1771284676.053597,300,300,middle_close
1819.1799266091548,1819.1799266091548,0.9051860831677914,1820.0851126923226,middle_close,n/a,,,3,2,0,0,,keyboard,3026899.285549166,1771284678.816374,301,301,middle_close
1821.980971109122,1821.980971109122,0.6882440829649568,1822.669215192087,middle_close,n/a,,,3,2,0,0,,keyboard,3026901.869651666,1771284681.400382,302,302,middle_close
1824.2780519840308,1824.2780519840308,0.6562020420096815,1824.9342540260404,middle_close,n/a,,,3,2,0,0,,keyboard,3026904.1346905,1771284683.665333,303,303,middle_close
1826.6787041509524,1826.6787041509524,0.7765331664122641,1827.4552373173647,middle_close,n/a,,,3,2,0,0,,keyboard,3026906.655673791,1771284686.186232,304,304,middle_close
1829.223727026023,1829.223727026023,0.719658249989152,1829.9433852760121,middle_close,n/a,,,3,2,0,0,,keyboard,3026909.14382175,1771284688.674284,305,305,middle_close
1831.7907286919653,1831.7907286919653,0.7639473341405392,1832.5546760261059,middle_close,n/a,,,3,2,0,0,,keyboard,3026911.7551125,1771284691.285473,306,306,middle_close
1834.3238921919838,1834.3238921919838,0.8447729172185063,1835.1686651092023,middle_close,n/a,,,3,2,0,0,,keyboard,3026914.369101583,1771284693.89937,307,307,middle_close
1836.8892634422518,1836.8892634422518,0.6962948339059949,1837.5855582761578,middle_close,n/a,,,3,2,0,0,,keyboard,3026916.78599475,1771284696.31617,308,308,middle_close
1839.6278877761215,1839.6278877761215,0.691070165950805,1840.3189579420723,middle_close,n/a,,,3,2,0,0,,keyboard,3026919.519394416,1771284699.049471,309,309,middle_close
1842.08680460928,1842.08680460928,0.6437029577791691,1842.7305075670592,middle_close,n/a,,,3,2,0,0,,keyboard,3026921.930944041,1771284701.460931,310,310,middle_close
1844.5491728172638,1844.5491728172638,0.8330627917312086,1845.382235608995,middle_close,n/a,,,3,2,0,0,,keyboard,3026924.582672083,1771284704.11256,311,311,middle_close
1847.192000484094,1847.192000484094,0.7079458748921752,1847.8999463589862,middle_close,n/a,,,3,2,0,0,,keyboard,3026927.100382833,1771284706.630178,312,312,middle_close
1849.6815892760642,1849.6815892760642,0.8152079582214355,1850.4967972342856,middle_close,n/a,,,3,2,0,0,,keyboard,3026929.697233708,1771284709.226933,313,313,middle_close
1852.2436141921207,1852.2436141921207,0.736678124871105,1852.9802923169918,middle_close,n/a,,,3,2,0,0,,keyboard,3026932.180728791,1771284711.710336,314,314,middle_close
1854.5441560670733,1854.5441560670733,1.0448656249791384,1855.5890216920525,middle_close,n/a,,,3,2,0,0,,keyboard,3026934.789458166,1771284714.318974,315,315,middle_close
1857.087739733979,1857.087739733979,0.8439742922782898,1857.9317140262574,middle_close,n/a,,,3,2,0,0,,keyboard,3026937.1321505,1771284716.661582,316,316,middle_close
1859.5831733592786,1859.5831733592786,0.9247908326797187,1860.5079641919583,middle_close,n/a,,,3,2,0,0,,keyboard,3026939.708400666,1771284719.23774,317,317,middle_close
1862.0856501092203,1862.0856501092203,1.12405537487939,1863.2097054840997,middle_close,n/a,,,3,2,0,0,,keyboard,3026942.410141958,1771284721.939373,318,318,middle_close
1864.9214875260368,1864.9214875260368,0.9800788750872016,1865.901566401124,middle_close,n/a,,,3,2,0,0,,keyboard,3026945.102002875,1771284724.6311328,319,319,middle_close
1867.194383567199,1867.194383567199,0.8436950840987265,1868.0380786512978,middle_close,n/a,,,3,2,0,0,,keyboard,3026947.238515125,1771284726.7675729,320,320,middle_close
1869.6312515260652,1869.6312515260652,0.9883660413324833,1870.6196175673977,middle_close,n/a,,,3,2,0,0,,keyboard,3026949.820054041,1771284729.349013,321,321,middle_close
1872.4071022761054,1872.4071022761054,0.715730416122824,1873.1228326922283,middle_close,n/a,,,3,2,0,0,,keyboard,3026952.323269166,1771284731.8521311,322,322,middle_close
1874.9565258589573,1874.9565258589573,0.89210758311674,1875.848633442074,middle_close,n/a,,,3,2,0,0,,keyboard,3026955.049069916,1771284734.577837,323,323,middle_close
1877.27158752596,1877.27158752596,0.9679992501623929,1878.2395867761225,middle_close,n/a,,,3,2,0,0,,keyboard,3026957.44002325,1771284736.968697,324,324,middle_close
1879.7347296513617,1879.7347296513617,1.0878055826760828,1880.8225352340378,middle_close,n/a,,,3,2,0,0,,keyboard,3026960.022971708,1771284739.551549,325,325,middle_close
1882.3274273592979,1882.3274273592979,1.1480134166777134,1883.4754407759756,middle_close,n/a,,,3,2,0,0,,keyboard,3026962.67587725,1771284742.20436,326,326,middle_close
1885.0762220672332,1885.0762220672332,0.9994750837795436,1886.0756971510127,middle_close,n/a,,,3,2,0,0,,keyboard,3026965.276133625,1771284744.804518,327,327,middle_close
1887.6291706091724,1887.6291706091724,1.1174247921444476,1888.7465954013169,middle_close,n/a,,,3,2,0,0,,keyboard,3026967.947031875,1771284747.475318,328,328,middle_close
1890.2126184566878,1890.2126184566878,0.9789169854484499,1891.1915354421362,middle_close,n/a,,,3,2,0,0,,keyboard,3026970.391971916,1771284749.920171,329,329,middle_close
1892.3677084012888,1892.3677084012888,1.1918719997629523,1893.5595804010518,middle_close,n/a,,,3,2,0,0,,keyboard,3026972.760016875,1771284752.288125,330,330,middle_close
1895.0406198590063,1895.0406198590063,1.1919501852244139,1896.2325700442307,middle_close,n/a,,,3,2,0,0,,keyboard,3026975.433006518,1771284754.949043,331,331,middle_close
1897.418267859146,1897.418267859146,1.3917248751968145,1898.8099927343428,middle_close,n/a,,,3,2,0,0,,keyboard,3026978.010429208,1771284757.5383492,332,332,middle_close
1900.2668893169612,1900.2668893169612,1.0570734590291977,1901.3239627759904,middle_close,n/a,,,3,2,0,0,,keyboard,3026980.52439925,1771284760.0522208,333,333,middle_close
1902.5600427342579,1902.5600427342579,1.079699832946062,1903.639742567204,middle_close,n/a,,,3,2,0,0,,keyboard,3026982.840179041,1771284762.367914,334,334,middle_close
1905.001575901173,1905.001575901173,1.2190995831042528,1906.2206754842773,middle_close,n/a,,,3,2,0,0,,keyboard,3026985.421111958,1771284764.9487512,335,335,middle_close
1907.7127268170007,1907.7127268170007,1.103202125057578,1908.8159289420582,middle_close,n/a,,,3,2,0,0,,keyboard,3026988.016365416,1771284767.543911,336,336,middle_close
1910.1895184698515,1910.1895184698515,1.1281456812284887,1911.31766415108,middle_close,n/a,,,3,2,0,0,,keyboard,3026990.518100625,1771284770.045554,337,337,middle_close
1912.774285566993,1912.774285566993,1.1159295556135476,1913.8902151226066,middle_close,n/a,,,3,2,0,0,,keyboard,3026993.0906515964,1771284772.5868359,338,338,middle_close
1915.5566271920688,1915.5566271920688,0.9450965421274304,1916.5017237341963,middle_close,n/a,,,3,2,0,0,,keyboard,3026995.702160208,1771284775.22942,339,339,middle_close
2058.2998164840974,2058.2998164840974,0.5176918329671025,2058.8175083170645,middle_open,n/a,,,3,1,0,0,,keyboard,3027138.017944791,1771284917.5399418,340,340,middle_open
2060.616249816958,2060.616249816958,0.6166105843149126,2061.232860401273,ring_open,n/a,,,4,1,0,0,,keyboard,3027140.433296875,1771284919.955206,341,341,ring_open
2063.135680401232,2063.135680401232,0.5447180001065135,2063.6803984013386,ring_open,n/a,,,4,1,0,0,,keyboard,3027142.880834875,1771284922.402653,342,342,ring_open
2065.7470059012994,2065.7470059012994,0.5593060408718884,2066.3063119421713,ring_open,n/a,,,4,1,0,0,,keyboard,3027145.506748416,1771284925.028468,343,343,ring_open
2068.1535642761737,2068.1535642761737,0.6196690411306918,2068.7732333173044,ring_open,n/a,,,4,1,0,0,,keyboard,3027147.973669791,1771284927.495303,344,344,ring_open
2070.63917990122,2070.63917990122,0.6762084160000086,2071.31538831722,ring_open,n/a,,,4,1,0,0,,keyboard,3027150.515824791,1771284930.0373702,345,345,ring_open
2073.1425658171065,2073.1425658171065,0.6638650000095367,2073.806430817116,ring_open,n/a,,,4,1,0,0,,keyboard,3027153.006867291,1771284932.528312,346,346,ring_open
2075.7033164012246,2075.7033164012246,0.7276707501150668,2076.4309871513397,ring_open,n/a,,,4,1,0,0,,keyboard,3027155.631423625,1771284935.152769,347,347,ring_open
2078.3141221511178,2078.3141221511178,0.6009062910452485,2078.915028442163,ring_open,n/a,,,4,1,0,0,,keyboard,3027158.115464916,1771284937.636723,348,348,ring_open
2080.88497910928,2080.88497910928,0.5407492080703378,2081.42572831735,ring_open,n/a,,,4,1,0,0,,keyboard,3027160.626164791,1771284940.147326,349,349,ring_open
2083.475938192103,2083.475938192103,0.512692625168711,2083.9886308172718,ring_open,n/a,,,4,1,0,0,,keyboard,3027163.189067291,1771284942.710131,350,350,ring_open
2085.983384817373,2085.983384817373,0.4812705419026315,2086.4646553592756,ring_open,n/a,,,4,1,0,0,,keyboard,3027165.665091833,1771284945.186065,351,351,ring_open
2088.3679813593626,2088.3679813593626,0.56355404201895,2088.9315354013816,ring_open,n/a,,,4,1,0,0,,keyboard,3027168.131971875,1771284947.652857,352,352,ring_open
2090.9019558173604,2090.9019558173604,0.560844499617815,2091.4628003169782,ring_open,n/a,,,4,1,0,0,,keyboard,3027170.663236791,1771284950.184025,353,353,ring_open
2093.450170317199,2093.450170317199,0.5558327091857791,2094.006003026385,ring_open,n/a,,,4,1,0,0,,keyboard,3027173.2064395,1771284952.727137,354,354,ring_open
2096.1259568207897,2096.1259568207897,0.4963317052461207,2096.622288526036,ring_open,n/a,,,4,1,0,0,,keyboard,3027175.822725,1771284955.343323,355,355,ring_open
2098.7157124839723,2098.7157124839723,0.4315283331088722,2099.147240817081,ring_open,n/a,,,4,1,0,0,,keyboard,3027178.347677291,1771284957.868184,356,356,ring_open
2101.205408567097,2101.205408567097,0.4687215001322329,2101.6741300672293,ring_open,n/a,,,4,1,0,0,,keyboard,3027180.874566541,1771284960.394978,357,357,ring_open
2103.747134151403,2103.747134151403,0.45533754071220756,2104.202471692115,ring_open,n/a,,,4,1,0,0,,keyboard,3027183.402908166,1771284962.9232268,358,358,ring_open
2106.29273040127,2106.29273040127,0.5132058328017592,2106.805936234072,ring_open,n/a,,,4,1,0,0,,keyboard,3027186.006372708,1771284965.526595,359,359,ring_open
2108.8337081512436,2108.8337081512436,0.42708999989554286,2109.260798151139,ring_open,n/a,,,4,1,0,0,,keyboard,3027188.461234625,1771284967.981365,360,360,ring_open
2111.460935901385,2111.460935901385,0.4358738330192864,2111.896809734404,ring_open,n/a,,,4,1,0,0,,keyboard,3027191.097246208,1771284970.617281,361,361,ring_open
2114.008004526142,2114.008004526142,0.4196865828707814,2114.427691109013,ring_open,n/a,,,4,1,0,0,,keyboard,3027193.628127583,1771284973.1480708,362,362,ring_open
2116.459996358957,2116.459996358957,0.39910041727125645,2116.8590967762284,ring_open,n/a,,,4,1,0,0,,keyboard,3027196.05953325,1771284975.5793831,363,363,ring_open
2118.892629692331,2118.892629692331,0.5808631670661271,2119.473492859397,ring_open,n/a,,,4,1,0,0,,keyboard,3027198.673929333,1771284978.193682,364,364,ring_open
2121.242739608977,2121.242739608977,0.8151257080025971,2122.0578653169796,ring_open,n/a,,,4,1,0,0,,keyboard,3027201.258301791,1771284980.777958,365,365,ring_open
2123.8849684013985,2123.8849684013985,0.7923887907527387,2124.6773571921512,ring_open,n/a,,,4,1,0,0,,keyboard,3027203.877793666,1771284983.397353,366,366,ring_open
2126.609533484094,2126.609533484094,0.6635512919165194,2127.2730847760104,ring_open,n/a,,,4,1,0,0,,keyboard,3027206.47352125,1771284985.9929862,367,367,ring_open
2128.900891941972,2128.900891941972,0.660826625302434,2129.5617185672745,ring_open,n/a,,,4,1,0,0,,keyboard,3027208.762155041,1771284988.281534,368,368,ring_open
2131.2964029423892,2131.2964029423892,0.7004991248250008,2131.9969020672143,ring_open,n/a,,,4,1,0,0,,keyboard,3027211.197338541,1771284990.716628,369,369,ring_open
2133.643146484159,2133.643146484159,0.9522639168426394,2134.5954104010016,ring_open,n/a,,,4,1,0,0,,keyboard,3027213.795846875,1771284993.315042,370,370,ring_open
2136.4750734013505,2136.4750734013505,0.7997809159569442,2137.2748543173075,ring_open,n/a,,,4,1,0,0,,keyboard,3027216.475290791,1771284995.994386,371,371,ring_open
2139.11719115125,2139.11719115125,0.7206789157353342,2139.8378700669855,ring_open,n/a,,,4,1,0,0,,keyboard,3027219.038306541,1771284998.557308,372,372,ring_open
2141.517020276282,2141.517020276282,0.9249400408007205,2142.4419603170827,ring_open,n/a,,,4,1,0,0,,keyboard,3027221.642396791,1771285001.1613069,373,373,ring_open
2144.3178593590856,2144.3178593590856,0.6756258751265705,2144.993485234212,ring_open,n/a,,,4,1,0,0,,keyboard,3027224.193921708,1771285003.712736,374,374,ring_open
2146.4050672762096,2146.4050672762096,0.9505596426315606,2147.355626918841,ring_open,n/a,,,4,1,0,0,,keyboard,3027226.5560633927,1771285006.0723531,375,375,ring_open
2149.028808609117,2149.028808609117,0.8969546249136329,2149.9257632340305,ring_open,n/a,,,4,1,0,0,,keyboard,3027229.126199708,1771285008.6448262,376,376,ring_open
2151.605003484059,2151.605003484059,0.7804698753170669,2152.385473359376,ring_open,n/a,,,4,1,0,0,,keyboard,3027231.585909833,1771285011.104449,377,377,ring_open
2154.041025151033,2154.041025151033,0.8801811253651977,2154.921206276398,ring_open,n/a,,,4,1,0,0,,keyboard,3027234.12164275,1771285013.640085,378,378,ring_open
2156.498303151224,2156.498303151224,0.8844447080045938,2157.3827478592284,ring_open,n/a,,,4,1,0,0,,keyboard,3027236.583184333,1771285016.101537,379,379,ring_open
2159.406788776163,2159.406788776163,0.8764952500350773,2160.283284026198,ring_open,n/a,,,4,1,0,0,,keyboard,3027239.4837205,1771285019.001974,380,380,ring_open
2161.8685338590294,2161.8685338590294,0.7954577500931919,2162.6639916091226,ring_open,n/a,,,4,1,0,0,,keyboard,3027241.864428083,1771285021.382594,381,381,ring_open
2164.4051721510477,2164.4051721510477,0.6317746662534773,2165.036946817301,ring_open,n/a,,,4,1,0,0,,keyboard,3027244.237383291,1771285023.755463,382,382,ring_open
2166.8913277341053,2166.8913277341053,0.7247886671684682,2167.6161164012738,ring_open,n/a,,,4,1,0,0,,keyboard,3027246.816552875,1771285026.3345401,383,383,ring_open
2169.356475651264,2169.356475651264,0.9197453330270946,2170.2762209842913,ring_open,n/a,,,4,1,0,0,,keyboard,3027249.476657458,1771285028.994553,384,384,ring_open
2171.9812261513434,2171.9812261513434,0.6566358329728246,2172.6378619843163,ring_open,n/a,,,4,1,0,0,,keyboard,3027251.838298458,1771285031.356107,385,385,ring_open
2174.378057776019,2174.378057776019,0.6835462502203882,2175.0616040262394,ring_open,n/a,,,4,1,0,0,,keyboard,3027254.2620405,1771285033.779757,386,386,ring_open
2176.8268500263803,2176.8268500263803,0.8634740826673806,2177.6903241090477,ring_open,n/a,,,4,1,0,0,,keyboard,3027256.890760583,1771285036.408381,387,387,ring_open
2179.3505232762545,2179.3505232762545,0.8248957907781005,2180.1754190670326,ring_open,n/a,,,4,1,0,0,,keyboard,3027259.375855541,1771285038.893384,388,388,ring_open
2181.8650685260072,2181.8650685260072,0.8483282499946654,2182.713396776002,ring_open,n/a,,,4,1,0,0,,keyboard,3027261.91383325,1771285041.431272,389,389,ring_open
2184.156017109286,2184.156017109286,1.0283092078752816,2185.1843263171613,ring_open,n/a,,,4,1,0,0,,keyboard,3027264.384762791,1771285043.902109,390,390,ring_open
2186.911852442194,2186.911852442194,0.9447621670551598,2187.856614609249,ring_open,n/a,,,4,1,0,0,,keyboard,3027267.057051083,1771285046.574303,391,391,ring_open
2189.5148037341423,2189.5148037341423,0.7436562501825392,2190.258459984325,ring_open,n/a,,,4,1,0,0,,keyboard,3027269.458896458,1771285048.976054,392,392,ring_open
2191.5957080670632,2191.5957080670632,1.1340427687391639,2192.7297508358024,ring_open,n/a,,,4,1,0,0,,keyboard,3027271.9301873096,1771285051.441418,393,393,ring_open
2194.458624692168,2194.458624692168,1.024193124845624,2195.4828178170137,ring_open,n/a,,,4,1,0,0,,keyboard,3027274.683254291,1771285054.200223,394,394,ring_open
2197.301539401058,2197.301539401058,0.624763916246593,2197.9263033173047,ring_open,n/a,,,4,1,0,0,,keyboard,3027277.126739791,1771285056.643618,395,395,ring_open
2199.7634260673076,2199.7634260673076,0.7161787920631468,2200.4796048593707,ring_open,n/a,,,4,1,0,0,,keyboard,3027279.680041333,1771285059.1968262,396,396,ring_open
2314.3258161512204,2314.3258161512204,0.6459915000014007,2314.9718076512218,ring_close,n/a,,,4,2,0,0,,keyboard,3027394.172244125,1771285173.6847942,397,397,ring_close
2317.13763385918,2317.13763385918,0.5034615001641214,2317.641095359344,ring_close,n/a,,,4,2,0,0,,keyboard,3027396.841531833,1771285176.353985,398,398,ring_close
2319.6670217341743,2319.6670217341743,0.5160339581780136,2320.1830556923524,ring_close,n/a,,,4,2,0,0,,keyboard,3027399.383492166,1771285178.895853,399,399,ring_close
2322.066356442403,2322.066356442403,0.6119226249866188,2322.6782790673897,ring_close,n/a,,,4,2,0,0,,keyboard,3027401.878715541,1771285181.3909812,400,400,ring_close
2324.446852776222,2324.446852776222,0.628363958094269,2325.075216734316,ring_close,n/a,,,4,2,0,0,,keyboard,3027404.275653208,1771285183.78783,401,401,ring_close
2327.029712234158,2327.029712234158,0.5850663329474628,2327.6147785671055,ring_close,n/a,,,4,2,0,0,,keyboard,3027406.815215041,1771285186.3272982,402,402,ring_close
2329.689150734339,2329.689150734339,0.4973791246302426,2330.186529858969,ring_close,n/a,,,4,2,0,0,,keyboard,3027409.386966333,1771285188.898954,403,403,ring_close
2332.3728989423253,2332.3728989423253,0.4772041249088943,2332.850103067234,ring_close,n/a,,,4,2,0,0,,keyboard,3027412.050539541,1771285191.562428,404,404,ring_close
2334.8037558170035,2334.8037558170035,0.4696119171567261,2335.2733677341603,ring_close,n/a,,,4,2,0,0,,keyboard,3027414.473804208,1771285193.985605,405,405,ring_close
2337.2099461923353,2337.2099461923353,0.4560719998553395,2337.6660181921907,ring_close,n/a,,,4,2,0,0,,keyboard,3027416.866454666,1771285196.378165,406,406,ring_close
2339.530293651391,2339.530293651391,0.7117774579674006,2340.242071109358,ring_close,n/a,,,4,2,0,0,,keyboard,3027419.442507583,1771285198.9541252,407,407,ring_close
2342.3232686091214,2342.3232686091214,0.5278669581748545,2342.8511355672963,ring_close,n/a,,,4,2,0,0,,keyboard,3027422.051572041,1771285201.563092,408,408,ring_close
2344.9750989009626,2344.9750989009626,0.5281930412165821,2345.503291942179,ring_close,n/a,,,4,2,0,0,,keyboard,3027424.703728416,1771285204.215151,409,409,ring_close
2347.423066234216,2347.423066234216,0.44762837514281273,2347.870694609359,ring_close,n/a,,,4,2,0,0,,keyboard,3027427.071131083,1771285206.582464,410,410,ring_close
2349.8865154841915,2349.8865154841915,0.48319504177197814,2350.3697105259635,ring_close,n/a,,,4,2,0,0,,keyboard,3027429.570147,1771285209.081387,411,411,ring_close
2352.5422373171896,2352.5422373171896,0.48858858412131667,2353.030825901311,ring_close,n/a,,,4,2,0,0,,keyboard,3027432.231262375,1771285211.742404,412,412,ring_close
2355.008657776285,2355.008657776285,0.46436533285304904,2355.473023109138,ring_close,n/a,,,4,2,0,0,,keyboard,3027434.673459583,1771285214.184512,413,413,ring_close
2357.54830277618,2357.54830277618,0.4389495411887765,2357.987252317369,ring_close,n/a,,,4,2,0,0,,keyboard,3027437.187688791,1771285216.6986501,414,414,ring_close
2359.9447894012555,2359.9447894012555,0.5436446247622371,2360.488434026018,ring_close,n/a,,,4,2,0,0,,keyboard,3027439.6888705,1771285219.199737,415,415,ring_close
2362.5165100260638,2362.5165100260638,0.4522363329306245,2362.9687463589944,ring_close,n/a,,,4,2,0,0,,keyboard,3027442.169182833,1771285221.679956,416,416,ring_close
2364.989348692354,2364.989348692354,0.568739959038794,2365.5580886513926,ring_close,n/a,,,4,2,0,0,,keyboard,3027444.758525125,1771285224.269204,417,417,ring_close
2367.6322666923515,2367.6322666923515,0.4599917088635266,2368.092258401215,ring_close,n/a,,,4,2,0,0,,keyboard,3027447.292694875,1771285226.8032799,418,418,ring_close
2370.263914484065,2370.263914484065,0.5471160830929875,2370.811030567158,ring_close,n/a,,,4,2,0,0,,keyboard,3027450.011467041,1771285229.521952,419,419,ring_close
2372.751140651293,2372.751140651293,0.5723743326961994,2373.3235149839893,ring_close,n/a,,,4,2,0,0,,keyboard,3027452.523951458,1771285232.0343418,420,420,ring_close
2375.266070025973,2375.266070025973,0.5282325833104551,2375.7943026092835,ring_close,n/a,,,4,2,0,0,,keyboard,3027454.994739083,1771285234.505044,421,421,ring_close
2377.722774529364,2377.722774529364,0.4302624547854066,2378.1530369841494,ring_close,n/a,,,4,2,0,0,,keyboard,3027457.353473458,1771285236.86369,422,422,ring_close
2380.1198188173585,2380.1198188173585,0.5482235420495272,2380.668042359408,ring_close,n/a,,,4,2,0,0,,keyboard,3027459.868478833,1771285239.378602,423,423,ring_close
2382.7707540672272,2382.7707540672272,0.47633108403533697,2383.2470851512626,ring_close,n/a,,,4,2,0,0,,keyboard,3027462.447521625,1771285241.957547,424,424,ring_close
2385.098210942,2385.098210942,0.5810068752616644,2385.679217817262,ring_close,n/a,,,4,2,0,0,,keyboard,3027464.879654291,1771285244.38959,425,425,ring_close
2387.646103901323,2387.646103901323,0.7054855828173459,2388.3515894841403,ring_close,n/a,,,4,2,0,0,,keyboard,3027467.552025958,1771285247.061864,426,426,ring_close
2390.233524026349,2390.233524026349,0.6045424160547554,2390.838066442404,ring_close,n/a,,,4,2,0,0,,keyboard,3027470.038502916,1771285249.548251,427,427,ring_close
2392.9918659012765,2392.9918659012765,0.5362803330644965,2393.528146234341,ring_close,n/a,,,4,2,0,0,,keyboard,3027472.728582708,1771285252.238228,428,428,ring_close
2395.47636785917,2395.47636785917,0.4642240419052541,2395.940591901075,ring_close,n/a,,,4,2,0,0,,keyboard,3027475.141028375,1771285254.6505868,429,429,ring_close
2397.8821944012307,2397.8821944012307,0.5199905410408974,2398.4021849422716,ring_close,n/a,,,4,2,0,0,,keyboard,3027477.602621416,1771285257.112088,430,430,ring_close
2400.544568692334,2400.544568692334,0.5035487087443471,2401.0481174010783,ring_close,n/a,,,4,2,0,0,,keyboard,3027480.248553875,1771285259.7579231,431,431,ring_close
2403.0683951093815,2403.0683951093815,0.5005926247686148,2403.56898773415,ring_close,n/a,,,4,2,0,0,,keyboard,3027482.769424208,1771285262.278705,432,432,ring_close
2405.4854533174075,2405.4854533174075,0.5683819996193051,2406.053835317027,ring_close,n/a,,,4,2,0,0,,keyboard,3027485.254271791,1771285264.763453,433,433,ring_close
2407.736908442341,2407.736908442341,0.896078750025481,2408.6329871923663,ring_close,n/a,,,4,2,0,0,,keyboard,3027487.833423666,1771285267.342509,434,434,ring_close
2410.4433945263736,2410.4433945263736,0.7196954577229917,2411.1630899840966,ring_close,n/a,,,4,2,0,0,,keyboard,3027490.363526458,1771285269.872521,435,435,ring_close
2413.039800484199,2413.039800484199,0.5806518751196563,2413.6204523593187,ring_close,n/a,,,4,2,0,0,,keyboard,3027492.820888833,1771285272.329791,436,436,ring_close
2415.523297567386,2415.523297567386,0.5693154586479068,2416.092613026034,ring_close,n/a,,,4,2,0,0,,keyboard,3027495.2930495,1771285274.80186,437,437,ring_close
2418.2189791090786,2418.2189791090786,0.5720453751273453,2418.791024484206,ring_close,n/a,,,4,2,0,0,,keyboard,3027497.991460958,1771285277.500176,438,438,ring_close
2420.5863891090266,2420.5863891090266,0.6522587081417441,2421.2386478171684,ring_close,n/a,,,4,2,0,0,,keyboard,3027500.439084291,1771285279.947705,439,439,ring_close
2423.208320233971,2423.208320233971,0.528388625010848,2423.7367088589817,ring_close,n/a,,,4,2,0,0,,keyboard,3027502.937145333,1771285282.445675,440,440,ring_close
2425.7805454842746,2425.7805454842746,0.6285878326743841,2426.409133316949,ring_close,n/a,,,4,2,0,0,,keyboard,3027505.609569791,1771285285.118,441,441,ring_close
2428.266277567018,2428.266277567018,0.5925165000371635,2428.858794067055,ring_close,n/a,,,4,2,0,0,,keyboard,3027508.059230541,1771285287.567571,442,442,ring_close
2430.864113651216,2430.864113651216,0.5839149998500943,2431.448028651066,ring_close,n/a,,,4,2,0,0,,keyboard,3027510.648465125,1771285290.156707,443,443,ring_close
2433.421968651004,2433.421968651004,0.5642899163067341,2433.986258567311,ring_close,n/a,,,4,2,0,0,,keyboard,3027513.186695041,1771285292.694849,444,444,ring_close
2435.9249887759797,2435.9249887759797,0.5506645003333688,2436.475653276313,ring_close,n/a,,,4,2,0,0,,keyboard,3027515.67608975,1771285295.184147,445,445,ring_close
2438.451273401268,2438.451273401268,0.6608601659536362,2439.1121335672215,ring_close,n/a,,,4,2,0,0,,keyboard,3027518.312570041,1771285297.820532,446,446,ring_close
2441.009653942194,2441.009653942194,0.6197131248190999,2441.629367067013,ring_close,n/a,,,4,2,0,0,,keyboard,3027520.829803541,1771285300.3376698,447,447,ring_close
2443.466264192015,2443.466264192015,0.6809357921592891,2444.147199984174,ring_close,n/a,,,4,2,0,0,,keyboard,3027523.347636458,1771285302.8554182,448,448,ring_close
2445.981517734006,2445.981517734006,0.6353305829688907,2446.616848316975,ring_close,n/a,,,4,2,0,0,,keyboard,3027525.817284791,1771285305.324969,449,449,ring_close
2448.5184116512537,2448.5184116512537,0.9008479160256684,2449.4192595672794,ring_close,n/a,,,4,2,0,0,,keyboard,3027528.619696041,1771285308.127275,450,450,ring_close
2451.093860900961,2451.093860900961,0.7563800001516938,2451.8502409011126,ring_close,n/a,,,4,2,0,0,,keyboard,3027531.050677375,1771285310.5581691,451,451,ring_close
2453.612005067058,2453.612005067058,0.7413544589653611,2454.3533595260233,ring_close,n/a,,,4,2,0,0,,keyboard,3027533.553796,1771285313.061193,452,452,ring_close
2455.9811390261166,2455.9811390261166,0.7800893331877887,2456.7612283593044,ring_close,n/a,,,4,2,0,0,,keyboard,3027535.961664833,1771285315.468972,453,453,ring_close
2458.4860355262645,2458.4860355262645,0.7843484580516815,2459.270383984316,ring_close,n/a,,,4,2,0,0,,keyboard,3027538.470820458,1771285317.978034,454,454,ring_close
2461.0520994011313,2461.0520994011313,0.7640711250714958,2461.8161705262028,ring_close,n/a,,,4,2,0,0,,keyboard,3027541.016607,1771285320.523726,455,455,ring_close
2463.58926210925,2463.58926210925,0.8718720828182995,2464.461134192068,ring_close,n/a,,,4,2,0,0,,keyboard,3027543.661570666,1771285323.168592,456,456,ring_close
2567.1299686511047,2567.1299686511047,0.43827933305874467,2567.5682479841635,ring_open,n/a,,,4,1,0,0,,keyboard,3027646.768684458,1771285426.271893,457,457,ring_open
2569.4420160669833,2569.4420160669833,0.6464038011617959,2570.088419868145,pinky_open,n/a,,,5,1,0,0,,keyboard,3027649.288856342,1771285428.785024,458,458,pinky_open
2572.011779692024,2572.011779692024,0.4686117502860725,2572.48039144231,pinky_open,n/a,,,5,1,0,0,,keyboard,3027651.680827916,1771285431.183856,459,459,pinky_open
2574.166032928508,2574.166032928508,0.8184500555507839,2574.9844829840586,pinky_open,n/a,,,5,1,0,0,,keyboard,3027654.184919458,1771285433.687855,460,460,pinky_open
2576.865225067362,2576.865225067362,0.6997564588673413,2577.5649815262295,pinky_open,n/a,,,5,1,0,0,,keyboard,3027656.765418,1771285436.2682612,461,461,pinky_open
2579.503083650954,2579.503083650954,0.5115884160622954,2580.0146720670164,pinky_open,n/a,,,5,1,0,0,,keyboard,3027659.215108541,1771285438.717859,462,462,pinky_open
2581.9821530673653,2581.9821530673653,0.5954028340056539,2582.577555901371,pinky_open,n/a,,,5,1,0,0,,keyboard,3027661.777992375,1771285441.280648,463,463,pinky_open
2584.364904401358,2584.364904401358,0.6635667500086129,2585.028471151367,pinky_open,n/a,,,5,1,0,0,,keyboard,3027664.228907625,1771285443.731471,464,464,pinky_open
2586.750549109187,2586.750549109187,0.7557306671515107,2587.5062797763385,pinky_open,n/a,,,5,1,0,0,,keyboard,3027666.70671625,1771285446.209188,465,465,pinky_open
2589.4431329839863,2589.4431329839863,0.5923322080634534,2590.0354651920497,pinky_open,n/a,,,5,1,0,0,,keyboard,3027669.235901666,1771285448.738291,466,466,pinky_open
2591.9960677339695,2591.9960677339695,0.5241840831004083,2592.52025181707,pinky_open,n/a,,,5,1,0,0,,keyboard,3027671.720688291,1771285451.222977,467,467,pinky_open
2594.484518526122,2594.484518526122,0.5881694159470499,2595.072687942069,pinky_open,n/a,,,5,1,0,0,,keyboard,3027674.273124416,1771285453.77532,468,468,pinky_open
2596.860978984274,2596.860978984274,0.763707332778722,2597.6246863170527,pinky_open,n/a,,,5,1,0,0,,keyboard,3027676.825122791,1771285456.327221,469,469,pinky_open
2599.814082651399,2599.814082651399,0.5276359999552369,2600.3417186513543,pinky_open,n/a,,,5,1,0,0,,keyboard,3027679.542155125,1771285459.044152,470,470,pinky_open
2602.2086737761274,2602.2086737761274,0.5363639579154551,2602.745037734043,pinky_open,n/a,,,5,1,0,0,,keyboard,3027681.945474208,1771285461.447383,471,471,pinky_open
2604.85305990139,2604.85305990139,0.4343906622380018,2605.287450563628,pinky_open,n/a,,,5,1,0,0,,keyboard,3027684.4878870375,1771285463.9875681,472,472,pinky_open
2607.4483977342024,2607.4483977342024,0.45923537481576204,2607.907633109018,pinky_open,n/a,,,5,1,0,0,,keyboard,3027687.108069583,1771285466.609789,473,473,pinky_open
2609.7410831921734,2609.7410831921734,0.5809482089243829,2610.322031401098,pinky_open,n/a,,,5,1,0,0,,keyboard,3027689.522467875,1771285469.024096,474,474,pinky_open
2612.5417906511575,2612.5417906511575,0.40052604116499424,2612.9423166923225,pinky_open,n/a,,,5,1,0,0,,keyboard,3027692.142753166,1771285471.644288,475,475,pinky_open
2615.0662709842436,2615.0662709842436,0.4689965001307428,2615.5352674843743,pinky_open,n/a,,,5,1,0,0,,keyboard,3027694.735703958,1771285474.237141,476,476,pinky_open
2617.618254734203,2617.618254734203,0.5155320828780532,2618.1337868170813,pinky_open,n/a,,,5,1,0,0,,keyboard,3027697.334223291,1771285476.835565,477,477,pinky_open
2620.1470333170146,2620.1470333170146,0.47579045919701457,2620.6228237762116,pinky_open,n/a,,,5,1,0,0,,keyboard,3027699.82326025,1771285479.324512,478,478,pinky_open
2622.348058456555,2622.348058456555,0.6852629445493221,2623.0333214011043,pinky_open,n/a,,,5,1,0,0,,keyboard,3027702.233757875,1771285481.7349179,479,479,pinky_open
2624.9285816513,2624.9285816513,0.5835800827480853,2625.5121617340483,pinky_open,n/a,,,5,1,0,0,,keyboard,3027704.712598208,1771285484.213666,480,480,pinky_open
2627.6962239420973,2627.6962239420973,0.46139979222789407,2628.157623734325,pinky_open,n/a,,,5,1,0,0,,keyboard,3027707.358060208,1771285486.85903,481,481,pinky_open
2630.1101836920716,2630.1101836920716,0.5998406670987606,2630.7100243591703,pinky_open,n/a,,,5,1,0,0,,keyboard,3027709.910460833,1771285489.411341,482,482,pinky_open
2632.6163125261664,2632.6163125261664,0.5966085828840733,2633.2129211090505,pinky_open,n/a,,,5,1,0,0,,keyboard,3027712.413357583,1771285491.914143,483,483,pinky_open
2635.210275941994,2635.210275941994,0.5481399591080844,2635.758415901102,pinky_open,n/a,,,5,1,0,0,,keyboard,3027714.958852375,1771285494.45954,484,484,pinky_open
2637.6664917343296,2637.6664917343296,0.520495374687016,2638.1869871090166,pinky_open,n/a,,,5,1,0,0,,keyboard,3027717.387423583,1771285496.888026,485,485,pinky_open
2640.0698381513357,2640.0698381513357,0.6839594999328256,2640.7537976512685,pinky_open,n/a,,,5,1,0,0,,keyboard,3027719.954234125,1771285499.4547431,486,486,pinky_open
2642.47080277605,2642.47080277605,0.8644507080316544,2643.3352534840815,pinky_open,n/a,,,5,1,0,0,,keyboard,3027722.535689958,1771285502.0361001,487,487,pinky_open
2645.227245942224,2645.227245942224,0.580055917147547,2645.8073018593714,pinky_open,n/a,,,5,1,0,0,,keyboard,3027725.007738333,1771285504.5080562,488,488,pinky_open
2647.9466804419644,2647.9466804419644,0.5963644171133637,2648.543044859078,pinky_open,n/a,,,5,1,0,0,,keyboard,3027727.743481333,1771285507.243698,489,489,pinky_open
2650.436613192316,2650.436613192316,0.5850647920742631,2651.0216779843904,pinky_open,n/a,,,5,1,0,0,,keyboard,3027730.222114458,1771285509.722239,490,490,pinky_open
2652.976414276287,2652.976414276287,0.6208445830270648,2653.597258859314,pinky_open,n/a,,,5,1,0,0,,keyboard,3027732.797695333,1771285512.297726,491,491,pinky_open
2655.2097889841534,2655.2097889841534,0.8522841669619083,2656.0620731511153,pinky_open,n/a,,,5,1,0,0,,keyboard,3027735.262509625,1771285514.762447,492,492,pinky_open
2657.6633931091055,2657.6633931091055,0.7798426249064505,2658.443235734012,pinky_open,n/a,,,5,1,0,0,,keyboard,3027737.643672208,1771285517.143522,493,493,pinky_open
2660.1282798172906,2660.1282798172906,1.0685492088086903,2661.1968290260993,pinky_open,n/a,,,5,1,0,0,,keyboard,3027740.3972655,1771285519.897013,494,494,pinky_open
2662.9116093590856,2662.9116093590856,0.879890208132565,2663.791499567218,pinky_open,n/a,,,5,1,0,0,,keyboard,3027742.991936041,1771285522.4915872,495,495,pinky_open
2665.5979421092197,2665.5979421092197,0.7322099581360817,2666.330152067356,pinky_open,n/a,,,5,1,0,0,,keyboard,3027745.530588541,1771285525.0301461,496,496,pinky_open
2668.019947858993,2668.019947858993,0.8289080001413822,2668.8488558591343,pinky_open,n/a,,,5,1,0,0,,keyboard,3027748.049292333,1771285527.548756,497,497,pinky_open
2670.7023514420725,2670.7023514420725,0.8280480420216918,2671.5303994840942,pinky_open,n/a,,,5,1,0,0,,keyboard,3027750.730835958,1771285530.230199,498,498,pinky_open
2672.892635817174,2672.892635817174,0.8511534170247614,2673.7437892341986,pinky_open,n/a,,,5,1,0,0,,keyboard,3027752.944225708,1771285532.443508,499,499,pinky_open
2675.607512192335,2675.607512192335,0.7290113749913871,2676.3365235673264,pinky_open,n/a,,,5,1,0,0,,keyboard,3027755.536960041,1771285535.0361521,500,500,pinky_open
2678.172444025986,2678.172444025986,0.7451832504011691,2678.917627276387,pinky_open,n/a,,,5,1,0,0,,keyboard,3027758.11806375,1771285537.6171572,501,501,pinky_open
2680.763469484169,2680.763469484169,0.8447100832127035,2681.6081795673817,pinky_open,n/a,,,5,1,0,0,,keyboard,3027760.808616041,1771285540.307615,502,502,pinky_open
2683.2399011920206,2683.2399011920206,0.6082424591295421,2683.84814365115,pinky_open,n/a,,,5,1,0,0,,keyboard,3027763.048580125,1771285542.547491,503,503,pinky_open
2685.751744692214,2685.751744692214,0.5482763750478625,2686.3000210672617,pinky_open,n/a,,,5,1,0,0,,keyboard,3027765.500457541,1771285544.999276,504,504,pinky_open
2688.1272719423287,2688.1272719423287,0.692688041832298,2688.819959984161,pinky_open,n/a,,,5,1,0,0,,keyboard,3027768.020396458,1771285547.519128,505,505,pinky_open
2690.6907183174044,2690.6907183174044,0.7361991666257381,2691.42691748403,pinky_open,n/a,,,5,1,0,0,,keyboard,3027770.627353958,1771285550.125983,506,506,pinky_open
2693.2308370261453,2693.2308370261453,0.7797909998334944,2694.010628025979,pinky_open,n/a,,,5,1,0,0,,keyboard,3027773.2110645,1771285552.709603,507,507,pinky_open
2695.627191651147,2695.627191651147,0.7155028749257326,2696.3426945260726,pinky_open,n/a,,,5,1,0,0,,keyboard,3027775.543131,1771285555.041578,508,508,pinky_open
2698.220892359037,2698.220892359037,0.6925908750854433,2698.9134832341224,pinky_open,n/a,,,5,1,0,0,,keyboard,3027778.113919708,1771285557.612274,509,509,pinky_open
2700.8045786512084,2700.8045786512084,0.7878737500868738,2701.5924524012953,pinky_open,n/a,,,5,1,0,0,,keyboard,3027780.792888875,1771285560.291143,510,510,pinky_open
2703.3942128173076,2703.3942128173076,0.6842537499032915,2704.078466567211,pinky_open,n/a,,,5,1,0,0,,keyboard,3027783.278903041,1771285562.777071,511,511,pinky_open
2705.8300329842605,2705.8300329842605,0.6800411250442266,2706.5100741093047,pinky_open,n/a,,,5,1,0,0,,keyboard,3027785.710510583,1771285565.208587,512,512,pinky_open
2708.5752383591607,2708.5752383591607,0.7160649998113513,2709.291303358972,pinky_open,n/a,,,5,1,0,0,,keyboard,3027788.491739833,1771285567.9897149,513,513,pinky_open
2710.8616808173247,2710.8616808173247,0.6115634166635573,2711.473244233988,pinky_open,n/a,,,5,1,0,0,,keyboard,3027790.673680708,1771285570.1715689,514,514,pinky_open
2713.567123692017,2713.567123692017,0.4799135001376271,2714.0470371921547,pinky_open,n/a,,,5,1,0,0,,keyboard,3027793.247473666,1771285572.745266,515,515,pinky_open
2715.8866927339695,2715.8866927339695,0.7006305423565209,2716.587323276326,pinky_open,n/a,,,5,1,0,0,,keyboard,3027795.78775975,1771285575.285464,516,516,pinky_open
2718.426214942243,2718.426214942243,0.6832469999790192,2719.109461942222,pinky_open,n/a,,,5,1,0,0,,keyboard,3027798.309898416,1771285577.807503,517,517,pinky_open
2914.003695401363,2914.003695401363,0.5376697909086943,2914.5413651922718,pinky_close,n/a,,,5,2,0,0,,keyboard,3027993.741801666,1771285773.2321851,518,518,pinky_close
2916.1102103590965,2916.1102103590965,0.727204792201519,2916.837415151298,pinky_close,n/a,,,5,2,0,0,,keyboard,3027996.037851625,1771285775.5281448,519,519,pinky_close
2918.6420591920614,2918.6420591920614,0.7682695421390235,2919.4103287342004,pinky_close,n/a,,,5,2,0,0,,keyboard,3027998.610765208,1771285778.100966,520,520,pinky_close
2921.1966562760063,2921.1966562760063,0.7928195870481431,2921.9894758630544,pinky_close,n/a,,,5,2,0,0,,keyboard,3028001.189912337,1771285780.679497,521,521,pinky_close
2923.9283284009434,2923.9283284009434,0.615916958078742,2924.544245359022,pinky_close,n/a,,,5,2,0,0,,keyboard,3028003.744681833,1771285783.234689,522,522,pinky_close
2926.3078773589805,2926.3078773589805,0.6324808332137764,2926.9403581921943,pinky_close,n/a,,,5,2,0,0,,keyboard,3028006.140794666,1771285785.6307158,523,523,pinky_close
2928.9846130260266,2928.9846130260266,0.5081717083230615,2929.4927847343497,pinky_close,n/a,,,5,2,0,0,,keyboard,3028008.693221208,1771285788.1830468,524,524,pinky_close
2931.4951492762193,2931.4951492762193,0.5359012498520315,2932.0310505260713,pinky_close,n/a,,,5,2,0,0,,keyboard,3028011.231487,1771285790.7212212,525,525,pinky_close
2934.137210109271,2934.137210109271,0.49639633297920227,2934.6336064422503,pinky_close,n/a,,,5,2,0,0,,keyboard,3028013.834042916,1771285793.32368,526,526,pinky_close
2936.5633425260894,2936.5633425260894,0.5317336251027882,2937.095076151192,pinky_close,n/a,,,5,2,0,0,,keyboard,3028016.295512625,1771285795.785057,527,527,pinky_close
2939.14858640125,2939.14858640125,0.5323387910611928,2939.6809251923114,pinky_close,n/a,,,5,2,0,0,,keyboard,3028018.881361666,1771285798.3708138,528,528,pinky_close
2941.4161568172276,2941.4161568172276,0.6550180837512016,2942.071174900979,pinky_close,n/a,,,5,2,0,0,,keyboard,3028021.271611375,1771285800.760972,529,529,pinky_close
2944.0494373589754,2944.0494373589754,0.5482467082329094,2944.5976840672083,pinky_close,n/a,,,5,2,0,0,,keyboard,3028023.798120541,1771285803.2873878,530,530,pinky_close
2946.7364716203883,2946.7364716203883,0.49493319680914283,2947.2314048171975,pinky_close,n/a,,,5,2,0,0,,keyboard,3028026.431841291,1771285805.921014,531,531,pinky_close
2949.2727544419467,2949.2727544419467,0.5129335001111031,2949.785687942058,pinky_close,n/a,,,5,2,0,0,,keyboard,3028028.986124416,1771285808.4752011,532,532,pinky_close
2951.668480359018,2951.668480359018,0.6995315831154585,2952.3680119421333,pinky_close,n/a,,,5,2,0,0,,keyboard,3028031.568448416,1771285811.057434,533,533,pinky_close
2954.359164484311,2954.359164484311,0.5476128747686744,2954.9067773590796,pinky_close,n/a,,,5,2,0,0,,keyboard,3028034.107213833,1771285813.596102,534,534,pinky_close
2956.741591691971,2956.741591691971,0.5641791252419353,2957.3057708172128,pinky_close,n/a,,,5,2,0,0,,keyboard,3028036.506207291,1771285815.995005,535,535,pinky_close
2959.1564264423214,2959.1564264423214,0.6443335167132318,2959.8007599590346,pinky_close,n/a,,,5,2,0,0,,keyboard,3028039.001196433,1771285818.482346,536,536,pinky_close
2961.719839359168,2961.719839359168,0.6488524582237005,2962.3686918173917,pinky_close,n/a,,,5,2,0,0,,keyboard,3028041.569128291,1771285821.0577369,537,537,pinky_close
2964.1013246513903,2964.1013246513903,0.7241914155893028,2964.8255160669796,pinky_close,n/a,,,5,2,0,0,,keyboard,3028044.025952541,1771285823.5144699,538,538,pinky_close
2966.779101901222,2966.779101901222,0.6757704578340054,2967.454872359056,pinky_close,n/a,,,5,2,0,0,,keyboard,3028046.655308833,1771285826.143733,539,539,pinky_close
2969.435449650977,2969.435449650977,0.5275594163686037,2969.9630090673454,pinky_close,n/a,,,5,2,0,0,,keyboard,3028049.163445541,1771285828.651778,540,540,pinky_close
2972.009407776408,2972.009407776408,0.5763009157963097,2972.585708692204,pinky_close,n/a,,,5,2,0,0,,keyboard,3028051.786145166,1771285831.2743769,541,541,pinky_close
2974.567748734262,2974.567748734262,0.6798133747652173,2975.247562109027,pinky_close,n/a,,,5,2,0,0,,keyboard,3028054.447998583,1771285833.9361322,542,542,pinky_close
2977.1182910669595,2977.1182910669595,0.6440902091562748,2977.762381276116,pinky_close,n/a,,,5,2,0,0,,keyboard,3028056.96281775,1771285836.450857,543,543,pinky_close
2979.5322185670957,2979.5322185670957,0.5841485471464694,2980.116367114242,pinky_close,n/a,,,5,2,0,0,,keyboard,3028059.316803588,1771285838.796185,544,544,pinky_close
2981.9134913589805,2981.9134913589805,0.7124267923645675,2982.625918151345,pinky_close,n/a,,,5,2,0,0,,keyboard,3028061.826354625,1771285841.3142169,545,545,pinky_close
2984.649092276115,2984.649092276115,0.6442499160766602,2985.2933421921916,pinky_close,n/a,,,5,2,0,0,,keyboard,3028064.493778666,1771285843.9815412,546,546,pinky_close
2987.0255854842253,2987.0255854842253,0.7152867498807609,2987.740872234106,pinky_close,n/a,,,5,2,0,0,,keyboard,3028066.941308708,1771285846.428986,547,547,pinky_close
2989.586911692284,2989.586911692284,0.552233874797821,2990.139145567082,pinky_close,n/a,,,5,2,0,0,,keyboard,3028069.339582041,1771285848.8271658,548,548,pinky_close
2992.198273651302,2992.198273651302,0.6319384160451591,2992.830212067347,pinky_close,n/a,,,5,2,0,0,,keyboard,3028072.030648541,1771285851.518134,549,549,pinky_close
2994.66018077638,2994.66018077638,0.7002283330075443,2995.3604091093875,pinky_close,n/a,,,5,2,0,0,,keyboard,3028074.560845583,1771285854.0482361,550,550,pinky_close
2997.152616317384,2997.152616317384,0.6911051669158041,2997.8437214842997,pinky_close,n/a,,,5,2,0,0,,keyboard,3028077.044157958,1771285856.5314538,551,551,pinky_close
3000.0565473171882,3000.0565473171882,0.7478189589455724,3000.804366276134,pinky_close,n/a,,,5,2,0,0,,keyboard,3028080.00480275,1771285859.491991,552,552,pinky_close
3002.39423985919,3002.39423985919,0.6845024581998587,3003.0787423173897,pinky_close,n/a,,,5,2,0,0,,keyboard,3028082.279178791,1771285861.766283,553,553,pinky_close
3004.6077370671555,3004.6077370671555,0.7889214172028005,3005.3966584843583,pinky_close,n/a,,,5,2,0,0,,keyboard,3028084.597094958,1771285864.0841181,554,554,pinky_close
3007.2101725260727,3007.2101725260727,0.7323180832900107,3007.9424906093627,pinky_close,n/a,,,5,2,0,0,,keyboard,3028087.142927083,1771285866.629853,555,555,pinky_close
3009.9088946511038,3009.9088946511038,0.6525063328444958,3010.5614009839483,pinky_close,n/a,,,5,2,0,0,,keyboard,3028089.761837458,1771285869.248668,556,556,pinky_close
3012.4632664839737,3012.4632664839737,0.6480202083475888,3013.1112866923213,pinky_close,n/a,,,5,2,0,0,,keyboard,3028092.311723166,1771285871.7984588,557,557,pinky_close
3014.9512059842236,3014.9512059842236,0.6718553751707077,3015.6230613593943,pinky_close,n/a,,,5,2,0,0,,keyboard,3028094.823497833,1771285874.310139,558,558,pinky_close
3017.1754079423845,3017.1754079423845,0.8837197916582227,3018.0591277340427,pinky_close,n/a,,,5,2,0,0,,keyboard,3028097.259564208,1771285876.7461162,559,559,pinky_close
3019.688314401079,3019.688314401079,0.960736040957272,3020.6490504420362,pinky_close,n/a,,,5,2,0,0,,keyboard,3028099.849486916,1771285879.3359418,560,560,pinky_close
3022.1705390261486,3022.1705390261486,0.9787288173101842,3023.149267843459,pinky_close,n/a,,,5,2,0,0,,keyboard,3028102.3497043173,1771285881.829201,561,561,pinky_close
3024.8715639421716,3024.8715639421716,0.7923110420815647,3025.663874984253,pinky_close,n/a,,,5,2,0,0,,keyboard,3028104.864311458,1771285884.3505821,562,562,pinky_close
3027.3786902343854,3027.3786902343854,0.7481495826505125,3028.126839817036,pinky_close,n/a,,,5,2,0,0,,keyboard,3028107.327276291,1771285886.813453,563,563,pinky_close
3029.830417233985,3029.830417233985,0.780201958026737,3030.6106191920117,pinky_close,n/a,,,5,2,0,0,,keyboard,3028109.811055666,1771285889.297142,564,564,pinky_close
3032.578385859262,3032.578385859262,0.7161274580284953,3033.2945133172907,pinky_close,n/a,,,5,2,0,0,,keyboard,3028112.494949791,1771285891.980936,565,565,pinky_close
3035.1483529009856,3035.1483529009856,0.7588201253674924,3035.907173026353,pinky_close,n/a,,,5,2,0,0,,keyboard,3028115.1076095,1771285894.593504,566,566,pinky_close
3037.713200733997,3037.713200733997,0.811765625141561,3038.5249663591385,pinky_close,n/a,,,5,2,0,0,,keyboard,3028117.725402833,1771285897.211195,567,567,pinky_close
3040.0679649254307,3040.0679649254307,0.8073294339701533,3040.875294359401,pinky_close,n/a,,,5,2,0,0,,keyboard,3028120.075730833,1771285899.561436,568,568,pinky_close
3042.4911256511696,3042.4911256511696,0.9079992501065135,3043.399124901276,pinky_close,n/a,,,5,2,0,0,,keyboard,3028122.599561375,1771285902.085174,569,569,pinky_close
3044.9818616509438,3044.9818616509438,0.9199961251579225,3045.9018577761017,pinky_close,n/a,,,5,2,0,0,,keyboard,3028125.10229425,1771285904.587817,570,570,pinky_close
3047.7007894841954,3047.7007894841954,0.6956918751820922,3048.3964813593775,pinky_close,n/a,,,5,2,0,0,,keyboard,3028127.596917833,1771285907.082347,571,571,pinky_close
3050.0232401089743,3050.0232401089743,0.7875229171477258,3050.810763026122,pinky_close,n/a,,,5,2,0,0,,keyboard,3028130.0111995,1771285909.4965382,572,572,pinky_close
3052.4191840672866,3052.4191840672866,0.8835202921181917,3053.3027043594047,pinky_close,n/a,,,5,2,0,0,,keyboard,3028132.503140833,1771285911.988387,573,573,pinky_close
3055.4295261092484,3055.4295261092484,0.7162654167041183,3056.1457915259525,pinky_close,n/a,,,5,2,0,0,,keyboard,3028135.346228,1771285914.831369,574,574,pinky_close
3057.786129599903,3057.786129599903,0.6560483239591122,3058.442177923862,pinky_close,n/a,,,5,2,0,0,,keyboard,3028137.6426143977,1771285917.123083,575,575,pinky_close
3060.100240526255,3060.100240526255,0.8004008331336081,3060.900641359389,pinky_close,n/a,,,5,2,0,0,,keyboard,3028140.101077833,1771285919.586047,576,576,pinky_close
3078.5898880260065,3078.5898880260065,10.09117062529549,3088.681058651302,rest,n/a,,,0,0,0,0,,keyboard,3028167.881495125,1771285947.365433,577,577,rest
3099.911579026375,3099.911579026375,9.518189624883235,3109.429768651258,rest,n/a,,,0,0,0,0,,keyboard,3028188.630205125,1771285968.113378,578,578,
